s(m), v_par(m/s), v_perp(m/s)
0, 1.81163e+06, 485425
18116.3, 1.81163e+06, 485495
36232.5, 1.81162e+06, 485565
54348.6, 1.8116e+06, 485635
72464.6, 1.81158e+06, 485705
90580.3, 1.81156e+06, 485775
108696, 1.81152e+06, 485845
126811, 1.81148e+06, 486009
144925, 1.81144e+06, 486219
163039, 1.81139e+06, 486429
181153, 1.81133e+06, 486639
199266, 1.81127e+06, 486849
217379, 1.8112e+06, 487058
235490, 1.81113e+06, 487314
253601, 1.81105e+06, 487664
271711, 1.81096e+06, 488012
289820, 1.81087e+06, 488361
307928, 1.81077e+06, 488709
326036, 1.81067e+06, 489057
344142, 1.81056e+06, 489405
362247, 1.81044e+06, 489891
380351, 1.81032e+06, 490377
398453, 1.81019e+06, 490862
416555, 1.81006e+06, 491347
434654, 1.80992e+06, 491832
452753, 1.80978e+06, 492315
470850, 1.80962e+06, 492890
488945, 1.80947e+06, 493510
507039, 1.8093e+06, 494130
525131, 1.80913e+06, 494749
543222, 1.80896e+06, 495367
561311, 1.80878e+06, 495984
579398, 1.80859e+06, 496644
597482, 1.8084e+06, 497396
615565, 1.8082e+06, 498147
633646, 1.808e+06, 498897
651725, 1.80779e+06, 499645
669802, 1.80757e+06, 500393
687877, 1.80735e+06, 501139
705949, 1.80712e+06, 502015
724019, 1.80688e+06, 502894
742087, 1.80664e+06, 503771
760152, 1.8064e+06, 504646
778215, 1.80615e+06, 505520
796275, 1.80589e+06, 506392
814332, 1.80562e+06, 507346
832387, 1.80535e+06, 508348
850439, 1.80508e+06, 509348
868489, 1.8048e+06, 510346
886535, 1.80451e+06, 511342
904579, 1.80422e+06, 512335
922620, 1.80392e+06, 513362
940657, 1.80361e+06, 514483
958692, 1.8033e+06, 515602
976723, 1.80298e+06, 516718
994752, 1.80266e+06, 517831
1.01278e+06, 1.80233e+06, 518942
1.0308e+06, 1.802e+06, 520051
1.04882e+06, 1.80166e+06, 521273
1.06683e+06, 1.80131e+06, 522506
1.08484e+06, 1.80096e+06, 523735
1.10285e+06, 1.8006e+06, 524962
1.12085e+06, 1.80024e+06, 526185
1.13886e+06, 1.79986e+06, 527405
1.15685e+06, 1.79949e+06, 528690
1.17484e+06, 1.79911e+06, 530031
1.19283e+06, 1.79872e+06, 531369
1.21082e+06, 1.79833e+06, 532703
1.2288e+06, 1.79793e+06, 534033
1.24678e+06, 1.79752e+06, 535360
1.26475e+06, 1.79711e+06, 536702
1.28272e+06, 1.79669e+06, 538148
1.30068e+06, 1.79627e+06, 539589
1.31865e+06, 1.79584e+06, 541025
1.3366e+06, 1.7954e+06, 542458
1.35455e+06, 1.79496e+06, 543887
1.3725e+06, 1.79452e+06, 545311
1.39044e+06, 1.79406e+06, 546825
1.40838e+06, 1.79361e+06, 548364
1.42632e+06, 1.79314e+06, 549899
1.44424e+06, 1.79267e+06, 551429
1.46217e+06, 1.7922e+06, 552954
1.48009e+06, 1.79171e+06, 554474
1.498e+06, 1.79123e+06, 556034
1.51591e+06, 1.79073e+06, 557666
1.53382e+06, 1.79023e+06, 559293
1.55172e+06, 1.78973e+06, 560914
1.56961e+06, 1.78922e+06, 562531
1.5875e+06, 1.7887e+06, 564142
1.60539e+06, 1.78818e+06, 565748
1.62327e+06, 1.78765e+06, 567462
1.64114e+06, 1.78711e+06, 569176
1.65901e+06, 1.78657e+06, 570885
1.67687e+06, 1.78603e+06, 572587
1.69473e+06, 1.78547e+06, 574285
1.71258e+06, 1.78491e+06, 575976
1.73043e+06, 1.78435e+06, 577724
1.74827e+06, 1.78378e+06, 579520
1.7661e+06, 1.78321e+06, 581310
1.78393e+06, 1.78262e+06, 583094
1.80175e+06, 1.78204e+06, 584872
1.81957e+06, 1.78144e+06, 586645
1.83738e+06, 1.78084e+06, 588421
1.85519e+06, 1.78024e+06, 590295
1.87299e+06, 1.77963e+06, 592162
1.89078e+06, 1.77901e+06, 594023
1.90857e+06, 1.77839e+06, 595877
1.92635e+06, 1.77776e+06, 597724
1.94412e+06, 1.77713e+06, 599566
1.96189e+06, 1.77649e+06, 601472
1.97965e+06, 1.77584e+06, 603412
1.99741e+06, 1.77519e+06, 605344
2.01516e+06, 1.77453e+06, 607269
2.0329e+06, 1.77387e+06, 609188
2.05063e+06, 1.7732e+06, 611100
2.06836e+06, 1.77253e+06, 613025
2.08609e+06, 1.77185e+06, 615032
2.1038e+06, 1.77116e+06, 617031
2.12151e+06, 1.77047e+06, 619024
2.13921e+06, 1.76977e+06, 621009
2.1569e+06, 1.76907e+06, 622987
2.17459e+06, 1.76836e+06, 624958
2.19227e+06, 1.76764e+06, 626996
2.20994e+06, 1.76692e+06, 629058
2.22761e+06, 1.76619e+06, 631113
2.24527e+06, 1.76546e+06, 633161
2.26292e+06, 1.76472e+06, 635201
2.28056e+06, 1.76398e+06, 637233
2.2982e+06, 1.76323e+06, 639279
2.31583e+06, 1.76247e+06, 641401
2.33345e+06, 1.76171e+06, 643514
2.35106e+06, 1.76094e+06, 645619
2.36867e+06, 1.76017e+06, 647717
2.38626e+06, 1.75939e+06, 649807
2.40385e+06, 1.75861e+06, 651889
2.42144e+06, 1.75782e+06, 654034
2.43901e+06, 1.75702e+06, 656201
2.45658e+06, 1.75622e+06, 658361
2.47413e+06, 1.75541e+06, 660513
2.49168e+06, 1.7546e+06, 662656
2.50923e+06, 1.75378e+06, 664792
2.52676e+06, 1.75295e+06, 666935
2.54429e+06, 1.75212e+06, 669154
2.5618e+06, 1.75129e+06, 671364
2.57931e+06, 1.75044e+06, 673566
2.59681e+06, 1.7496e+06, 675759
2.6143e+06, 1.74874e+06, 677945
2.63179e+06, 1.74788e+06, 680122
2.64926e+06, 1.74702e+06, 682349
2.66673e+06, 1.74615e+06, 684606
2.68418e+06, 1.74527e+06, 686855
2.70163e+06, 1.74439e+06, 689095
2.71907e+06, 1.7435e+06, 691327
2.7365e+06, 1.74261e+06, 693550
2.75392e+06, 1.74171e+06, 695767
2.77134e+06, 1.7408e+06, 698068
2.78874e+06, 1.73989e+06, 700360
2.80613e+06, 1.73898e+06, 702643
2.82352e+06, 1.73805e+06, 704918
2.8409e+06, 1.73713e+06, 707184
2.85826e+06, 1.73619e+06, 709442
2.87562e+06, 1.73525e+06, 711730
2.89297e+06, 1.73431e+06, 714062
2.91031e+06, 1.73336e+06, 716386
2.92763e+06, 1.7324e+06, 718700
2.94495e+06, 1.73144e+06, 721006
2.96226e+06, 1.73047e+06, 723304
2.97956e+06, 1.7295e+06, 725592
2.99685e+06, 1.72852e+06, 727944
3.01413e+06, 1.72754e+06, 730305
3.0314e+06, 1.72655e+06, 732656
3.04866e+06, 1.72555e+06, 734999
3.06591e+06, 1.72455e+06, 737333
3.08316e+06, 1.72354e+06, 739658
3.10039e+06, 1.72253e+06, 741988
3.11761e+06, 1.72151e+06, 744383
3.13482e+06, 1.72049e+06, 746769
3.15202e+06, 1.71946e+06, 749146
3.1692e+06, 1.71842e+06, 751514
3.18638e+06, 1.71738e+06, 753873
3.20355e+06, 1.71633e+06, 756223
3.22071e+06, 1.71528e+06, 758606
3.23786e+06, 1.71422e+06, 761023
3.25499e+06, 1.71316e+06, 763431
3.27212e+06, 1.71209e+06, 765831
3.28924e+06, 1.71102e+06, 768221
3.30634e+06, 1.70993e+06, 770602
3.32344e+06, 1.70885e+06, 772975
3.34052e+06, 1.70776e+06, 775403
3.35759e+06, 1.70666e+06, 777840
3.37465e+06, 1.70556e+06, 780269
3.3917e+06, 1.70445e+06, 782688
3.40874e+06, 1.70334e+06, 785098
3.42577e+06, 1.70222e+06, 787499
3.44278e+06, 1.70109e+06, 789895
3.45979e+06, 1.69996e+06, 792359
3.47678e+06, 1.69882e+06, 794814
3.49377e+06, 1.69768e+06, 797260
3.51074e+06, 1.69653e+06, 799696
3.5277e+06, 1.69538e+06, 802124
3.54465e+06, 1.69422e+06, 804542
3.56158e+06, 1.69306e+06, 806975
3.57851e+06, 1.69189e+06, 809454
3.59542e+06, 1.69071e+06, 811924
3.61232e+06, 1.68953e+06, 814385
3.62921e+06, 1.68835e+06, 816837
3.64609e+06, 1.68716e+06, 819279
3.66295e+06, 1.68596e+06, 821713
3.67981e+06, 1.68476e+06, 824176
3.69665e+06, 1.68355e+06, 826668
3.71348e+06, 1.68233e+06, 829151
3.7303e+06, 1.68111e+06, 831625
3.7471e+06, 1.67989e+06, 834090
3.76389e+06, 1.67866e+06, 836546
3.78067e+06, 1.67742e+06, 838992
3.79744e+06, 1.67618e+06, 841481
3.8142e+06, 1.67494e+06, 843984
3.83094e+06, 1.67368e+06, 846478
3.84767e+06, 1.67243e+06, 848963
3.86439e+06, 1.67116e+06, 851439
3.88109e+06, 1.66989e+06, 853906
3.89779e+06, 1.66862e+06, 856364
3.91447e+06, 1.66734e+06, 858872
3.93113e+06, 1.66606e+06, 861385
3.94779e+06, 1.66476e+06, 863889
3.96443e+06, 1.66347e+06, 866383
3.98106e+06, 1.66217e+06, 868868
3.99767e+06, 1.66086e+06, 871344
4.01427e+06, 1.65955e+06, 873811
4.03086e+06, 1.65823e+06, 876335
4.04744e+06, 1.65691e+06, 878855
4.064e+06, 1.65558e+06, 881366
4.08055e+06, 1.65424e+06, 883868
4.09709e+06, 1.6529e+06, 886361
4.11361e+06, 1.65156e+06, 888844
4.13012e+06, 1.65021e+06, 891319
4.14661e+06, 1.64885e+06, 893854
4.16309e+06, 1.64749e+06, 896380
4.17956e+06, 1.64613e+06, 898896
4.19602e+06, 1.64475e+06, 901404
4.21246e+06, 1.64338e+06, 903903
4.22888e+06, 1.64199e+06, 906393
4.2453e+06, 1.64061e+06, 908874
4.2617e+06, 1.63921e+06, 911414
4.27808e+06, 1.63781e+06, 913944
4.29445e+06, 1.63641e+06, 916466
4.31081e+06, 1.635e+06, 918978
4.32715e+06, 1.63359e+06, 921481
4.34348e+06, 1.63217e+06, 923975
4.3598e+06, 1.63074e+06, 926461
4.3761e+06, 1.62931e+06, 929003
4.39238e+06, 1.62787e+06, 931536
4.40865e+06, 1.62643e+06, 934061
4.42491e+06, 1.62498e+06, 936576
4.44115e+06, 1.62353e+06, 939082
4.45738e+06, 1.62207e+06, 941579
4.47359e+06, 1.62061e+06, 944068
4.48979e+06, 1.61914e+06, 946608
4.50598e+06, 1.61767e+06, 949143
4.52215e+06, 1.61619e+06, 951669
4.5383e+06, 1.61471e+06, 954185
4.55444e+06, 1.61322e+06, 956693
4.57057e+06, 1.61172e+06, 959192
4.58668e+06, 1.61022e+06, 961683
4.60277e+06, 1.60872e+06, 964217
4.61885e+06, 1.60721e+06, 966752
4.63491e+06, 1.60569e+06, 969278
4.65096e+06, 1.60417e+06, 971795
4.667e+06, 1.60264e+06, 974304
4.68302e+06, 1.60111e+06, 976803
4.69902e+06, 1.59958e+06, 979294
4.71501e+06, 1.59803e+06, 981818
4.73098e+06, 1.59649e+06, 984352
4.74694e+06, 1.59493e+06, 986878
4.76288e+06, 1.59338e+06, 989394
4.7788e+06, 1.59181e+06, 991902
4.79472e+06, 1.59024e+06, 994401
4.81061e+06, 1.58867e+06, 996891
4.82649e+06, 1.58709e+06, 999401
4.84235e+06, 1.58551e+06, 1.00193e+06
4.8582e+06, 1.58392e+06, 1.00446e+06
4.87403e+06, 1.58233e+06, 1.00697e+06
4.88985e+06, 1.58073e+06, 1.00948e+06
4.90564e+06, 1.57912e+06, 1.01197e+06
4.92143e+06, 1.57751e+06, 1.01446e+06
4.93719e+06, 1.5759e+06, 1.01696e+06
4.95295e+06, 1.57428e+06, 1.01949e+06
4.96868e+06, 1.57265e+06, 1.02201e+06
4.9844e+06, 1.57102e+06, 1.02452e+06
5.0001e+06, 1.56939e+06, 1.02702e+06
5.01579e+06, 1.56775e+06, 1.02951e+06
5.03146e+06, 1.5661e+06, 1.032e+06
5.04711e+06, 1.56445e+06, 1.03448e+06
5.06274e+06, 1.56279e+06, 1.037e+06
5.07836e+06, 1.56113e+06, 1.03951e+06
5.09397e+06, 1.55947e+06, 1.04202e+06
5.10955e+06, 1.5578e+06, 1.04452e+06
5.12512e+06, 1.55612e+06, 1.04701e+06
5.14068e+06, 1.55444e+06, 1.04949e+06
5.15621e+06, 1.55275e+06, 1.05196e+06
5.17173e+06, 1.55106e+06, 1.05446e+06
5.18723e+06, 1.54936e+06, 1.05697e+06
5.20272e+06, 1.54766e+06, 1.05947e+06
5.21819e+06, 1.54595e+06, 1.06197e+06
5.23364e+06, 1.54424e+06, 1.06445e+06
5.24907e+06, 1.54252e+06, 1.06693e+06
5.26449e+06, 1.5408e+06, 1.0694e+06
5.27989e+06, 1.53908e+06, 1.07187e+06
5.29527e+06, 1.53734e+06, 1.07437e+06
5.31063e+06, 1.53561e+06, 1.07687e+06
5.32598e+06, 1.53386e+06, 1.07936e+06
5.34131e+06, 1.53212e+06, 1.08184e+06
5.35662e+06, 1.53036e+06, 1.08431e+06
5.37192e+06, 1.52861e+06, 1.08677e+06
5.3872e+06, 1.52684e+06, 1.08922e+06
5.40246e+06, 1.52508e+06, 1.0917e+06
5.4177e+06, 1.5233e+06, 1.09419e+06
5.43292e+06, 1.52153e+06, 1.09667e+06
5.44813e+06, 1.51974e+06, 1.09915e+06
5.46332e+06, 1.51796e+06, 1.10161e+06
5.47849e+06, 1.51617e+06, 1.10407e+06
5.49364e+06, 1.51437e+06, 1.10651e+06
5.50877e+06, 1.51257e+06, 1.10896e+06
5.52389e+06, 1.51076e+06, 1.11144e+06
5.53899e+06, 1.50895e+06, 1.11392e+06
5.55407e+06, 1.50713e+06, 1.11638e+06
5.56913e+06, 1.50531e+06, 1.11884e+06
5.58418e+06, 1.50348e+06, 1.12129e+06
5.5992e+06, 1.50165e+06, 1.12373e+06
5.61421e+06, 1.49981e+06, 1.12616e+06
5.6292e+06, 1.49797e+06, 1.12861e+06
5.64417e+06, 1.49612e+06, 1.13107e+06
5.65912e+06, 1.49427e+06, 1.13353e+06
5.67405e+06, 1.49242e+06, 1.13598e+06
5.68897e+06, 1.49055e+06, 1.13842e+06
5.70386e+06, 1.48869e+06, 1.14085e+06
5.71874e+06, 1.48682e+06, 1.14327e+06
5.7336e+06, 1.48494e+06, 1.14569e+06
5.74844e+06, 1.48306e+06, 1.14813e+06
5.76326e+06, 1.48118e+06, 1.15058e+06
5.77806e+06, 1.47929e+06, 1.15302e+06
5.79285e+06, 1.47739e+06, 1.15545e+06
5.80761e+06, 1.47549e+06, 1.15787e+06
5.82236e+06, 1.47358e+06, 1.16029e+06
5.83708e+06, 1.47167e+06, 1.1627e+06
5.85179e+06, 1.46976e+06, 1.1651e+06
5.86648e+06, 1.46784e+06, 1.16753e+06
5.88115e+06, 1.46592e+06, 1.16996e+06
5.8958e+06, 1.46399e+06, 1.17238e+06
5.91043e+06, 1.46205e+06, 1.1748e+06
5.92504e+06, 1.46011e+06, 1.1772e+06
5.93963e+06, 1.45817e+06, 1.1796e+06
5.9542e+06, 1.45622e+06, 1.18199e+06
5.96875e+06, 1.45427e+06, 1.18438e+06
5.98329e+06, 1.45231e+06, 1.1868e+06
5.9978e+06, 1.45035e+06, 1.18921e+06
6.01229e+06, 1.44838e+06, 1.19161e+06
6.02677e+06, 1.44641e+06, 1.194e+06
6.04122e+06, 1.44443e+06, 1.19639e+06
6.05566e+06, 1.44245e+06, 1.19877e+06
6.07007e+06, 1.44047e+06, 1.20114e+06
6.08447e+06, 1.43848e+06, 1.20351e+06
6.09884e+06, 1.43648e+06, 1.20591e+06
6.1132e+06, 1.43448e+06, 1.2083e+06
6.12753e+06, 1.43247e+06, 1.21069e+06
6.14185e+06, 1.43047e+06, 1.21306e+06
6.15614e+06, 1.42845e+06, 1.21543e+06
6.17041e+06, 1.42643e+06, 1.21779e+06
6.18467e+06, 1.42441e+06, 1.22014e+06
6.1989e+06, 1.42238e+06, 1.22249e+06
6.21312e+06, 1.42035e+06, 1.22487e+06
6.22731e+06, 1.41831e+06, 1.22724e+06
6.24148e+06, 1.41627e+06, 1.22961e+06
6.25563e+06, 1.41422e+06, 1.23196e+06
6.26977e+06, 1.41217e+06, 1.23431e+06
6.28388e+06, 1.41011e+06, 1.23665e+06
6.29797e+06, 1.40805e+06, 1.23898e+06
6.31204e+06, 1.40598e+06, 1.24131e+06
6.32609e+06, 1.40391e+06, 1.24367e+06
6.34012e+06, 1.40184e+06, 1.24602e+06
6.35413e+06, 1.39976e+06, 1.24836e+06
6.36811e+06, 1.39768e+06, 1.2507e+06
6.38208e+06, 1.39559e+06, 1.25303e+06
6.39602e+06, 1.3935e+06, 1.25535e+06
6.40995e+06, 1.3914e+06, 1.25766e+06
6.42385e+06, 1.3893e+06, 1.25996e+06
6.43773e+06, 1.38719e+06, 1.2623e+06
6.4516e+06, 1.38508e+06, 1.26463e+06
6.46544e+06, 1.38296e+06, 1.26695e+06
6.47926e+06, 1.38084e+06, 1.26926e+06
6.49305e+06, 1.37872e+06, 1.27157e+06
6.50683e+06, 1.37659e+06, 1.27387e+06
6.52058e+06, 1.37445e+06, 1.27616e+06
6.53432e+06, 1.37232e+06, 1.27844e+06
6.54803e+06, 1.37017e+06, 1.28074e+06
6.56172e+06, 1.36802e+06, 1.28305e+06
6.57539e+06, 1.36587e+06, 1.28535e+06
6.58904e+06, 1.36372e+06, 1.28764e+06
6.60267e+06, 1.36156e+06, 1.28993e+06
6.61627e+06, 1.35939e+06, 1.2922e+06
6.62985e+06, 1.35722e+06, 1.29447e+06
6.64341e+06, 1.35505e+06, 1.29674e+06
6.65695e+06, 1.35287e+06, 1.299e+06
6.67047e+06, 1.35069e+06, 1.30128e+06
6.68397e+06, 1.3485e+06, 1.30356e+06
6.69744e+06, 1.34631e+06, 1.30583e+06
6.71089e+06, 1.34411e+06, 1.3081e+06
6.72432e+06, 1.34191e+06, 1.31035e+06
6.73773e+06, 1.3397e+06, 1.3126e+06
6.75112e+06, 1.33749e+06, 1.31484e+06
6.76448e+06, 1.33528e+06, 1.31707e+06
6.77782e+06, 1.33306e+06, 1.31932e+06
6.79114e+06, 1.33084e+06, 1.32158e+06
6.80444e+06, 1.32861e+06, 1.32383e+06
6.81772e+06, 1.32638e+06, 1.32607e+06
6.83097e+06, 1.32415e+06, 1.3283e+06
6.8442e+06, 1.32191e+06, 1.33053e+06
6.85741e+06, 1.31966e+06, 1.33275e+06
6.87059e+06, 1.31741e+06, 1.33496e+06
6.88375e+06, 1.31516e+06, 1.33716e+06
6.8969e+06, 1.3129e+06, 1.33939e+06
6.91001e+06, 1.31064e+06, 1.34162e+06
6.92311e+06, 1.30838e+06, 1.34383e+06
6.93618e+06, 1.30611e+06, 1.34604e+06
6.94923e+06, 1.30383e+06, 1.34825e+06
6.96226e+06, 1.30155e+06, 1.35044e+06
6.97526e+06, 1.29927e+06, 1.35263e+06
6.98824e+06, 1.29698e+06, 1.35481e+06
7.0012e+06, 1.29469e+06, 1.35699e+06
7.01414e+06, 1.29239e+06, 1.35919e+06
7.02705e+06, 1.29009e+06, 1.36139e+06
7.03994e+06, 1.28779e+06, 1.36357e+06
7.0528e+06, 1.28548e+06, 1.36575e+06
7.06565e+06, 1.28317e+06, 1.36793e+06
7.07847e+06, 1.28085e+06, 1.37009e+06
7.09126e+06, 1.27853e+06, 1.37225e+06
7.10404e+06, 1.27621e+06, 1.3744e+06
7.11679e+06, 1.27388e+06, 1.37655e+06
7.12952e+06, 1.27154e+06, 1.37872e+06
7.14222e+06, 1.26921e+06, 1.38088e+06
7.1549e+06, 1.26686e+06, 1.38304e+06
7.16756e+06, 1.26452e+06, 1.38519e+06
7.18019e+06, 1.26217e+06, 1.38733e+06
7.1928e+06, 1.25981e+06, 1.38946e+06
7.20539e+06, 1.25746e+06, 1.39159e+06
7.21795e+06, 1.25509e+06, 1.39371e+06
7.23049e+06, 1.25273e+06, 1.39582e+06
7.243e+06, 1.25036e+06, 1.39796e+06
7.2555e+06, 1.24798e+06, 1.40009e+06
7.26796e+06, 1.2456e+06, 1.40222e+06
7.28041e+06, 1.24322e+06, 1.40433e+06
7.29283e+06, 1.24083e+06, 1.40644e+06
7.30522e+06, 1.23844e+06, 1.40855e+06
7.3176e+06, 1.23605e+06, 1.41064e+06
7.32995e+06, 1.23365e+06, 1.41273e+06
7.34227e+06, 1.23124e+06, 1.41481e+06
7.35457e+06, 1.22884e+06, 1.41691e+06
7.36685e+06, 1.22642e+06, 1.41901e+06
7.3791e+06, 1.22401e+06, 1.4211e+06
7.39133e+06, 1.22159e+06, 1.42319e+06
7.40353e+06, 1.21917e+06, 1.42527e+06
7.41571e+06, 1.21674e+06, 1.42734e+06
7.42786e+06, 1.21431e+06, 1.4294e+06
7.44e+06, 1.21187e+06, 1.43145e+06
7.4521e+06, 1.20943e+06, 1.4335e+06
7.46418e+06, 1.20699e+06, 1.43556e+06
7.47624e+06, 1.20454e+06, 1.43763e+06
7.48828e+06, 1.20209e+06, 1.43969e+06
7.50028e+06, 1.19964e+06, 1.44174e+06
7.51227e+06, 1.19718e+06, 1.44379e+06
7.52423e+06, 1.19471e+06, 1.44582e+06
7.53616e+06, 1.19225e+06, 1.44785e+06
7.54807e+06, 1.18978e+06, 1.44988e+06
7.55996e+06, 1.1873e+06, 1.45189e+06
7.57182e+06, 1.18482e+06, 1.4539e+06
7.58365e+06, 1.18234e+06, 1.45594e+06
7.59547e+06, 1.17985e+06, 1.45796e+06
7.60725e+06, 1.17736e+06, 1.45998e+06
7.61901e+06, 1.17487e+06, 1.46199e+06
7.63075e+06, 1.17237e+06, 1.464e+06
7.64246e+06, 1.16987e+06, 1.466e+06
7.65415e+06, 1.16736e+06, 1.46799e+06
7.66581e+06, 1.16486e+06, 1.46997e+06
7.67744e+06, 1.16234e+06, 1.47195e+06
7.68905e+06, 1.15983e+06, 1.47392e+06
7.70064e+06, 1.1573e+06, 1.47592e+06
7.7122e+06, 1.15478e+06, 1.4779e+06
7.72374e+06, 1.15225e+06, 1.47988e+06
7.73525e+06, 1.14972e+06, 1.48185e+06
7.74673e+06, 1.14718e+06, 1.48382e+06
7.75819e+06, 1.14464e+06, 1.48578e+06
7.76962e+06, 1.1421e+06, 1.48773e+06
7.78103e+06, 1.13955e+06, 1.48967e+06
7.79241e+06, 1.137e+06, 1.49161e+06
7.80377e+06, 1.13445e+06, 1.49355e+06
7.8151e+06, 1.13189e+06, 1.4955e+06
7.82641e+06, 1.12933e+06, 1.49744e+06
7.83769e+06, 1.12676e+06, 1.49938e+06
7.84894e+06, 1.12419e+06, 1.50131e+06
7.86017e+06, 1.12162e+06, 1.50324e+06
7.87138e+06, 1.11904e+06, 1.50515e+06
7.88255e+06, 1.11646e+06, 1.50706e+06
7.89371e+06, 1.11388e+06, 1.50897e+06
7.90483e+06, 1.11129e+06, 1.51087e+06
7.91593e+06, 1.1087e+06, 1.51276e+06
7.92701e+06, 1.1061e+06, 1.51467e+06
7.93805e+06, 1.1035e+06, 1.51657e+06
7.94908e+06, 1.1009e+06, 1.51847e+06
7.96007e+06, 1.0983e+06, 1.52036e+06
7.97104e+06, 1.09569e+06, 1.52224e+06
7.98198e+06, 1.09307e+06, 1.52412e+06
7.9929e+06, 1.09046e+06, 1.52599e+06
8.00379e+06, 1.08784e+06, 1.52785e+06
8.01466e+06, 1.08521e+06, 1.52971e+06
8.0255e+06, 1.08259e+06, 1.53156e+06
8.03631e+06, 1.07995e+06, 1.53341e+06
8.0471e+06, 1.07732e+06, 1.53528e+06
8.05786e+06, 1.07468e+06, 1.53713e+06
8.06859e+06, 1.07204e+06, 1.53898e+06
8.0793e+06, 1.0694e+06, 1.54082e+06
8.08998e+06, 1.06675e+06, 1.54266e+06
8.10063e+06, 1.06409e+06, 1.54449e+06
8.11126e+06, 1.06144e+06, 1.54631e+06
8.12186e+06, 1.05878e+06, 1.54813e+06
8.13244e+06, 1.05612e+06, 1.54994e+06
8.14298e+06, 1.05345e+06, 1.55174e+06
8.15351e+06, 1.05078e+06, 1.55355e+06
8.164e+06, 1.04811e+06, 1.55537e+06
8.17447e+06, 1.04543e+06, 1.55717e+06
8.18491e+06, 1.04275e+06, 1.55897e+06
8.19532e+06, 1.04007e+06, 1.56077e+06
8.20571e+06, 1.03738e+06, 1.56256e+06
8.21607e+06, 1.03469e+06, 1.56434e+06
8.2264e+06, 1.032e+06, 1.56611e+06
8.23671e+06, 1.0293e+06, 1.56788e+06
8.24699e+06, 1.0266e+06, 1.56964e+06
8.25724e+06, 1.0239e+06, 1.57139e+06
8.26747e+06, 1.02119e+06, 1.57316e+06
8.27767e+06, 1.01848e+06, 1.57492e+06
8.28784e+06, 1.01577e+06, 1.57668e+06
8.29798e+06, 1.01305e+06, 1.57843e+06
8.3081e+06, 1.01033e+06, 1.58018e+06
8.31819e+06, 1.00761e+06, 1.58192e+06
8.32825e+06, 1.00488e+06, 1.58365e+06
8.33829e+06, 1.00215e+06, 1.58538e+06
8.34829e+06, 999421, 1.5871e+06
8.35827e+06, 996685, 1.58881e+06
8.36823e+06, 993945, 1.59052e+06
8.37815e+06, 991202, 1.59222e+06
8.38805e+06, 988456, 1.59394e+06
8.39792e+06, 985706, 1.59565e+06
8.40777e+06, 982953, 1.59735e+06
8.41758e+06, 980197, 1.59905e+06
8.42737e+06, 977438, 1.60074e+06
8.43713e+06, 974676, 1.60242e+06
8.44686e+06, 971910, 1.6041e+06
8.45657e+06, 969141, 1.60577e+06
8.46625e+06, 966370, 1.60743e+06
8.4759e+06, 963594, 1.60909e+06
8.48552e+06, 960816, 1.61074e+06
8.49511e+06, 958035, 1.6124e+06
8.50468e+06, 955250, 1.61406e+06
8.51422e+06, 952463, 1.61571e+06
8.52373e+06, 949672, 1.61736e+06
8.53321e+06, 946878, 1.619e+06
8.54267e+06, 944081, 1.62064e+06
8.55209e+06, 941281, 1.62226e+06
8.56149e+06, 938478, 1.62388e+06
8.57086e+06, 935671, 1.6255e+06
8.5802e+06, 932862, 1.62711e+06
8.58952e+06, 930050, 1.62871e+06
8.59881e+06, 927234, 1.63031e+06
8.60806e+06, 924416, 1.6319e+06
8.61729e+06, 921594, 1.63351e+06
8.6265e+06, 918770, 1.63511e+06
8.63567e+06, 915942, 1.6367e+06
8.64481e+06, 913112, 1.63828e+06
8.65393e+06, 910278, 1.63986e+06
8.66302e+06, 907442, 1.64143e+06
8.67208e+06, 904602, 1.643e+06
8.68111e+06, 901760, 1.64456e+06
8.69012e+06, 898914, 1.64611e+06
8.69909e+06, 896066, 1.64766e+06
8.70804e+06, 893215, 1.6492e+06
8.71695e+06, 890360, 1.65073e+06
8.72584e+06, 887503, 1.65227e+06
8.7347e+06, 884643, 1.65381e+06
8.74354e+06, 881780, 1.65535e+06
8.75234e+06, 878915, 1.65688e+06
8.76111e+06, 876046, 1.6584e+06
8.76986e+06, 873174, 1.65991e+06
8.77858e+06, 870300, 1.66142e+06
8.78727e+06, 867423, 1.66293e+06
8.79593e+06, 864543, 1.66442e+06
8.80456e+06, 861660, 1.66591e+06
8.81316e+06, 858774, 1.6674e+06
8.82173e+06, 855885, 1.66887e+06
8.83028e+06, 852994, 1.67035e+06
8.83879e+06, 850100, 1.67182e+06
8.84728e+06, 847203, 1.6733e+06
8.85574e+06, 844303, 1.67477e+06
8.86417e+06, 841401, 1.67624e+06
8.87257e+06, 838495, 1.6777e+06
8.88094e+06, 835587, 1.67915e+06
8.88928e+06, 832677, 1.68059e+06
8.89759e+06, 829763, 1.68203e+06
8.90587e+06, 826847, 1.68347e+06
8.91413e+06, 823928, 1.6849e+06
8.92235e+06, 821006, 1.68632e+06
8.93055e+06, 818082, 1.68773e+06
8.93871e+06, 815155, 1.68914e+06
8.94685e+06, 812226, 1.69054e+06
8.95496e+06, 809293, 1.69195e+06
8.96304e+06, 806358, 1.69336e+06
8.97108e+06, 803421, 1.69476e+06
8.9791e+06, 800480, 1.69616e+06
8.98709e+06, 797538, 1.69755e+06
8.99505e+06, 794592, 1.69893e+06
9.00299e+06, 791644, 1.70031e+06
9.01089e+06, 788693, 1.70168e+06
9.01876e+06, 785740, 1.70304e+06
9.0266e+06, 782784, 1.7044e+06
9.03441e+06, 779826, 1.70575e+06
9.0422e+06, 776865, 1.7071e+06
9.04995e+06, 773902, 1.70844e+06
9.05768e+06, 770936, 1.70977e+06
9.06537e+06, 767967, 1.7111e+06
9.07304e+06, 764996, 1.71244e+06
9.08067e+06, 762022, 1.71377e+06
9.08828e+06, 759046, 1.7151e+06
9.09585e+06, 756068, 1.71642e+06
9.1034e+06, 753087, 1.71773e+06
9.11091e+06, 750103, 1.71904e+06
9.1184e+06, 747117, 1.72034e+06
9.12586e+06, 744129, 1.72163e+06
9.13328e+06, 741138, 1.72292e+06
9.14068e+06, 738145, 1.7242e+06
9.14805e+06, 735149, 1.72548e+06
9.15538e+06, 732151, 1.72675e+06
9.16269e+06, 729151, 1.72801e+06
9.16996e+06, 726148, 1.72927e+06
9.17721e+06, 723143, 1.73052e+06
9.18443e+06, 720135, 1.73178e+06
9.19161e+06, 717125, 1.73304e+06
9.19877e+06, 714113, 1.73429e+06
9.2059e+06, 711098, 1.73553e+06
9.21299e+06, 708081, 1.73676e+06
9.22006e+06, 705062, 1.738e+06
9.22709e+06, 702040, 1.73922e+06
9.2341e+06, 699016, 1.74044e+06
9.24107e+06, 695990, 1.74165e+06
9.24802e+06, 692961, 1.74286e+06
9.25493e+06, 689931, 1.74406e+06
9.26182e+06, 686898, 1.74525e+06
9.26867e+06, 683862, 1.74644e+06
9.27549e+06, 680825, 1.74762e+06
9.28229e+06, 677785, 1.7488e+06
9.28905e+06, 674743, 1.74996e+06
9.29578e+06, 671699, 1.75113e+06
9.30248e+06, 668653, 1.75231e+06
9.30916e+06, 665604, 1.75347e+06
9.3158e+06, 662553, 1.75463e+06
9.32241e+06, 659500, 1.75579e+06
9.32899e+06, 656445, 1.75693e+06
9.33553e+06, 653388, 1.75807e+06
9.34205e+06, 650329, 1.75921e+06
9.34854e+06, 647267, 1.76034e+06
9.355e+06, 644204, 1.76146e+06
9.36143e+06, 641138, 1.76258e+06
9.36782e+06, 638070, 1.76369e+06
9.37419e+06, 635000, 1.7648e+06
9.38052e+06, 631928, 1.7659e+06
9.38683e+06, 628854, 1.76699e+06
9.3931e+06, 625778, 1.76808e+06
9.39934e+06, 622700, 1.76916e+06
9.40555e+06, 619619, 1.77023e+06
9.41173e+06, 616537, 1.77131e+06
9.41788e+06, 613453, 1.77239e+06
9.424e+06, 610367, 1.77346e+06
9.43009e+06, 607278, 1.77452e+06
9.43615e+06, 604188, 1.77558e+06
9.44217e+06, 601096, 1.77663e+06
9.44817e+06, 598002, 1.77768e+06
9.45413e+06, 594906, 1.77872e+06
9.46007e+06, 591807, 1.77975e+06
9.46597e+06, 588707, 1.78078e+06
9.47184e+06, 585605, 1.7818e+06
9.47768e+06, 582501, 1.78282e+06
9.48349e+06, 579396, 1.78383e+06
9.48927e+06, 576288, 1.78483e+06
9.49502e+06, 573178, 1.78583e+06
9.50073e+06, 570067, 1.78682e+06
9.50642e+06, 566953, 1.78781e+06
9.51207e+06, 563838, 1.78879e+06
9.5177e+06, 560721, 1.78976e+06
9.52329e+06, 557602, 1.79073e+06
9.52885e+06, 554482, 1.79171e+06
9.53438e+06, 551359, 1.79267e+06
9.53988e+06, 548235, 1.79364e+06
9.54534e+06, 545109, 1.79459e+06
9.55078e+06, 541981, 1.79554e+06
9.55618e+06, 538851, 1.79649e+06
9.56155e+06, 535719, 1.79743e+06
9.5669e+06, 532586, 1.79836e+06
9.57221e+06, 529451, 1.79929e+06
9.57749e+06, 526315, 1.80021e+06
9.58273e+06, 523176, 1.80112e+06
9.58795e+06, 520036, 1.80203e+06
9.59313e+06, 516894, 1.80293e+06
9.59829e+06, 513751, 1.80383e+06
9.60341e+06, 510605, 1.80472e+06
9.6085e+06, 507459, 1.8056e+06
9.61356e+06, 504310, 1.80648e+06
9.61858e+06, 501160, 1.80736e+06
9.62358e+06, 498008, 1.80822e+06
9.62854e+06, 494854, 1.80909e+06
9.63348e+06, 491699, 1.80994e+06
9.63838e+06, 488543, 1.81079e+06
9.64325e+06, 485384, 1.81165e+06
9.64809e+06, 482224, 1.81249e+06
9.65289e+06, 479063, 1.81334e+06
9.65767e+06, 475900, 1.81417e+06
9.66241e+06, 472735, 1.815e+06
9.66712e+06, 469569, 1.81583e+06
9.6718e+06, 466401, 1.81665e+06
9.67645e+06, 463232, 1.81746e+06
9.68107e+06, 460061, 1.81826e+06
9.68565e+06, 456889, 1.81907e+06
9.6902e+06, 453715, 1.81986e+06
9.69473e+06, 450540, 1.82065e+06
9.69922e+06, 447364, 1.82143e+06
9.70367e+06, 444185, 1.82221e+06
9.7081e+06, 441006, 1.82298e+06
9.71249e+06, 437825, 1.82375e+06
9.71686e+06, 434642, 1.8245e+06
9.72119e+06, 431458, 1.82526e+06
9.72548e+06, 428273, 1.82601e+06
9.72975e+06, 425086, 1.82675e+06
9.73399e+06, 421898, 1.82748e+06
9.73819e+06, 418708, 1.82821e+06
9.74236e+06, 415518, 1.82894e+06
9.7465e+06, 412325, 1.82966e+06
9.75061e+06, 409132, 1.83037e+06
9.75468e+06, 405937, 1.83108e+06
9.75873e+06, 402740, 1.83179e+06
9.76274e+06, 399543, 1.8325e+06
9.76672e+06, 396344, 1.83319e+06
9.77066e+06, 393144, 1.83389e+06
9.77458e+06, 389942, 1.83457e+06
9.77846e+06, 386740, 1.83525e+06
9.78231e+06, 383536, 1.83593e+06
9.78613e+06, 380330, 1.83659e+06
9.78992e+06, 377124, 1.83726e+06
9.79368e+06, 373916, 1.83791e+06
9.7974e+06, 370707, 1.83856e+06
9.80109e+06, 367497, 1.83921e+06
9.80475e+06, 364285, 1.83985e+06
9.80838e+06, 361073, 1.84048e+06
9.81197e+06, 357859, 1.84111e+06
9.81553e+06, 354644, 1.84173e+06
9.81906e+06, 351428, 1.84235e+06
9.82256e+06, 348211, 1.84296e+06
9.82603e+06, 344992, 1.84356e+06
9.82946e+06, 341773, 1.84416e+06
9.83286e+06, 338552, 1.84475e+06
9.83623e+06, 335330, 1.84534e+06
9.83957e+06, 332107, 1.84592e+06
9.84287e+06, 328883, 1.8465e+06
9.84615e+06, 325658, 1.84707e+06
9.84939e+06, 322432, 1.84763e+06
9.8526e+06, 319205, 1.84819e+06
9.85577e+06, 315977, 1.84874e+06
9.85892e+06, 312747, 1.84929e+06
9.86203e+06, 309517, 1.84983e+06
9.86511e+06, 306286, 1.85036e+06
9.86815e+06, 303054, 1.85089e+06
9.87117e+06, 299820, 1.85142e+06
9.87415e+06, 296586, 1.85195e+06
9.8771e+06, 293351, 1.85246e+06
9.88002e+06, 290115, 1.85298e+06
9.8829e+06, 286878, 1.85348e+06
9.88575e+06, 283639, 1.85398e+06
9.88857e+06, 280400, 1.85448e+06
9.89136e+06, 277161, 1.85496e+06
9.89412e+06, 273920, 1.85545e+06
9.89684e+06, 270678, 1.85592e+06
9.89953e+06, 267435, 1.8564e+06
9.90219e+06, 264192, 1.85686e+06
9.90481e+06, 260947, 1.85732e+06
9.90741e+06, 257702, 1.85778e+06
9.90997e+06, 254456, 1.85822e+06
9.9125e+06, 251209, 1.85867e+06
9.91499e+06, 247962, 1.8591e+06
9.91746e+06, 244713, 1.85953e+06
9.91989e+06, 241464, 1.85996e+06
9.92229e+06, 238214, 1.86038e+06
9.92465e+06, 234963, 1.86079e+06
9.92698e+06, 231711, 1.8612e+06
9.92929e+06, 228459, 1.8616e+06
9.93155e+06, 225205, 1.862e+06
9.93379e+06, 221951, 1.86239e+06
9.93599e+06, 218697, 1.86277e+06
9.93816e+06, 215441, 1.86315e+06
9.9403e+06, 212185, 1.86352e+06
9.94241e+06, 208929, 1.86389e+06
9.94448e+06, 205671, 1.86425e+06
9.94652e+06, 202413, 1.86461e+06
9.94853e+06, 199154, 1.86496e+06
9.9505e+06, 195895, 1.8653e+06
9.95245e+06, 192635, 1.86564e+06
9.95436e+06, 189374, 1.86597e+06
9.95623e+06, 186113, 1.8663e+06
9.95808e+06, 182851, 1.86662e+06
9.95989e+06, 179588, 1.86694e+06
9.96167e+06, 176325, 1.86725e+06
9.96342e+06, 173061, 1.86755e+06
9.96513e+06, 169797, 1.86785e+06
9.96681e+06, 166532, 1.86814e+06
9.96846e+06, 163267, 1.86843e+06
9.97008e+06, 160001, 1.86871e+06
9.97166e+06, 156734, 1.86899e+06
9.97321e+06, 153468, 1.86926e+06
9.97473e+06, 150200, 1.86952e+06
9.97622e+06, 146932, 1.86978e+06
9.97767e+06, 143664, 1.87003e+06
9.97909e+06, 140395, 1.87028e+06
9.98048e+06, 137125, 1.87052e+06
9.98183e+06, 133856, 1.87075e+06
9.98316e+06, 130585, 1.87099e+06
9.98444e+06, 127315, 1.87121e+06
9.9857e+06, 124044, 1.87143e+06
9.98693e+06, 120772, 1.87165e+06
9.98812e+06, 117500, 1.87186e+06
9.98928e+06, 114228, 1.87206e+06
9.9904e+06, 110955, 1.87226e+06
9.99149e+06, 107682, 1.87245e+06
9.99256e+06, 104409, 1.87264e+06
9.99358e+06, 101135, 1.87282e+06
9.99458e+06, 97861.2, 1.87299e+06
9.99554e+06, 94586.8, 1.87316e+06
9.99647e+06, 91312.2, 1.87333e+06
9.99737e+06, 88037.2, 1.87348e+06
9.99823e+06, 84761.9, 1.87364e+06
9.99906e+06, 81486.4, 1.87378e+06
9.99986e+06, 78210.6, 1.87392e+06
1.00006e+07, 74934.5, 1.87406e+06
1.00014e+07, 71658.2, 1.87418e+06
1.00021e+07, 68381.7, 1.87431e+06
1.00027e+07, 65104.9, 1.87442e+06
1.00034e+07, 61828, 1.87454e+06
1.0004e+07, 58550.8, 1.87464e+06
1.00045e+07, 55273.4, 1.87474e+06
1.00051e+07, 51995.9, 1.87484e+06
1.00056e+07, 48718.1, 1.87492e+06
1.0006e+07, 45440.3, 1.87501e+06
1.00065e+07, 42162.2, 1.87508e+06
1.00069e+07, 38884.1, 1.87515e+06
1.00073e+07, 35605.8, 1.87522e+06
1.00076e+07, 32327.4, 1.87528e+06
1.00079e+07, 29048.8, 1.87533e+06
1.00082e+07, 25770.2, 1.87538e+06
1.00084e+07, 22491.5, 1.87542e+06
1.00086e+07, 19212.8, 1.87546e+06
1.00088e+07, 15933.9, 1.87549e+06
1.00089e+07, 12655, 1.87552e+06
1.00091e+07, 9376.11, 1.87553e+06
1.00091e+07, 6097.15, 1.87555e+06
1.00092e+07, 2818.17, 1.87556e+06
1.00092e+07, -460.82, 1.87556e+06
1.00092e+07, -3739.81, 1.87555e+06
1.00091e+07, -7018.78, 1.87555e+06
1.0009e+07, -10297.7, 1.87553e+06
1.00089e+07, -13576.6, 1.87551e+06
1.00088e+07, -16855.5, 1.87548e+06
1.00086e+07, -20134.3, 1.87545e+06
1.00084e+07, -23413.1, 1.87541e+06
1.00081e+07, -26691.8, 1.87537e+06
1.00078e+07, -29970.4, 1.87532e+06
1.00075e+07, -33248.8, 1.87526e+06
1.00072e+07, -36527.2, 1.8752e+06
1.00068e+07, -39805.5, 1.87513e+06
1.00064e+07, -43083.6, 1.87506e+06
1.00059e+07, -46361.6, 1.87498e+06
1.00054e+07, -49639.4, 1.8749e+06
1.00049e+07, -52917.1, 1.87481e+06
1.00044e+07, -56194.6, 1.87471e+06
1.00038e+07, -59471.9, 1.87461e+06
1.00032e+07, -62749.1, 1.8745e+06
1.00025e+07, -66026, 1.87439e+06
1.00019e+07, -69302.7, 1.87427e+06
1.00012e+07, -72579.1, 1.87415e+06
1.00004e+07, -75855.4, 1.87402e+06
9.99964e+06, -79131.4, 1.87388e+06
9.99883e+06, -82407.1, 1.87374e+06
9.99799e+06, -85682.6, 1.87359e+06
9.99712e+06, -88957.7, 1.87344e+06
9.99621e+06, -92232.6, 1.87328e+06
9.99527e+06, -95507.2, 1.87312e+06
9.9943e+06, -98781.5, 1.87295e+06
9.9933e+06, -102055, 1.87277e+06
9.99226e+06, -105329, 1.87259e+06
9.99119e+06, -108602, 1.8724e+06
9.99009e+06, -111875, 1.87221e+06
9.98895e+06, -115148, 1.87201e+06
9.98779e+06, -118420, 1.8718e+06
9.98659e+06, -121692, 1.87159e+06
9.98535e+06, -124963, 1.87137e+06
9.98409e+06, -128234, 1.87115e+06
9.98279e+06, -131505, 1.87092e+06
9.98146e+06, -134775, 1.87069e+06
9.98009e+06, -138044, 1.87045e+06
9.97869e+06, -141314, 1.87021e+06
9.97727e+06, -144582, 1.86996e+06
9.9758e+06, -147851, 1.86971e+06
9.97431e+06, -151119, 1.86945e+06
9.97278e+06, -154386, 1.86918e+06
9.97122e+06, -157653, 1.86891e+06
9.96963e+06, -160919, 1.86863e+06
9.968e+06, -164185, 1.86835e+06
9.96634e+06, -167450, 1.86806e+06
9.96465e+06, -170715, 1.86777e+06
9.96293e+06, -173979, 1.86747e+06
9.96117e+06, -177242, 1.86716e+06
9.95938e+06, -180505, 1.86685e+06
9.95756e+06, -183768, 1.86653e+06
9.95571e+06, -187029, 1.86621e+06
9.95382e+06, -190291, 1.86588e+06
9.9519e+06, -193551, 1.86555e+06
9.94995e+06, -196811, 1.86521e+06
9.94797e+06, -200070, 1.86486e+06
9.94595e+06, -203329, 1.86451e+06
9.9439e+06, -206587, 1.86415e+06
9.94182e+06, -209844, 1.86379e+06
9.9397e+06, -213101, 1.86342e+06
9.93756e+06, -216356, 1.86304e+06
9.93538e+06, -219612, 1.86266e+06
9.93316e+06, -222866, 1.86228e+06
9.93092e+06, -226120, 1.86189e+06
9.92864e+06, -229373, 1.86149e+06
9.92633e+06, -232625, 1.86108e+06
9.92399e+06, -235876, 1.86067e+06
9.92161e+06, -239127, 1.86026e+06
9.91921e+06, -242377, 1.85984e+06
9.91677e+06, -245626, 1.85941e+06
9.91429e+06, -248874, 1.85898e+06
9.91179e+06, -252122, 1.85854e+06
9.90925e+06, -255369, 1.8581e+06
9.90668e+06, -258614, 1.85765e+06
9.90408e+06, -261859, 1.85719e+06
9.90145e+06, -265104, 1.85673e+06
9.89878e+06, -268347, 1.85626e+06
9.89608e+06, -271589, 1.85579e+06
9.89335e+06, -274831, 1.85531e+06
9.89058e+06, -278071, 1.85483e+06
9.88778e+06, -281311, 1.85434e+06
9.88496e+06, -284550, 1.85384e+06
9.88209e+06, -287788, 1.85334e+06
9.8792e+06, -291024, 1.85283e+06
9.87627e+06, -294260, 1.85232e+06
9.87331e+06, -297495, 1.8518e+06
9.87032e+06, -300729, 1.85127e+06
9.8673e+06, -303962, 1.85074e+06
9.86424e+06, -307194, 1.85021e+06
9.86116e+06, -310425, 1.84967e+06
9.85804e+06, -313655, 1.84913e+06
9.85488e+06, -316884, 1.84858e+06
9.8517e+06, -320112, 1.84803e+06
9.84848e+06, -323339, 1.84747e+06
9.84523e+06, -326565, 1.84691e+06
9.84195e+06, -329790, 1.84633e+06
9.83864e+06, -333013, 1.84576e+06
9.83529e+06, -336236, 1.84518e+06
9.83191e+06, -339457, 1.84459e+06
9.8285e+06, -342678, 1.84399e+06
9.82506e+06, -345897, 1.84339e+06
9.82158e+06, -349115, 1.84279e+06
9.81807e+06, -352332, 1.84217e+06
9.81454e+06, -355548, 1.84156e+06
9.81096e+06, -358762, 1.84093e+06
9.80736e+06, -361976, 1.8403e+06
9.80372e+06, -365188, 1.83967e+06
9.80006e+06, -368399, 1.83903e+06
9.79636e+06, -371609, 1.83838e+06
9.79262e+06, -374818, 1.83773e+06
9.78886e+06, -378025, 1.83707e+06
9.78506e+06, -381231, 1.83641e+06
9.78124e+06, -384436, 1.83574e+06
9.77737e+06, -387640, 1.83506e+06
9.77348e+06, -390842, 1.83438e+06
9.76956e+06, -394043, 1.83369e+06
9.7656e+06, -397243, 1.833e+06
9.76161e+06, -400442, 1.8323e+06
9.75759e+06, -403639, 1.83159e+06
9.75354e+06, -406835, 1.83088e+06
9.74946e+06, -410029, 1.83017e+06
9.74534e+06, -413223, 1.82946e+06
9.74119e+06, -416415, 1.82874e+06
9.73701e+06, -419605, 1.82801e+06
9.7328e+06, -422794, 1.82728e+06
9.72856e+06, -425982, 1.82654e+06
9.72428e+06, -429168, 1.8258e+06
9.71997e+06, -432353, 1.82505e+06
9.71563e+06, -435537, 1.82429e+06
9.71126e+06, -438719, 1.82353e+06
9.70686e+06, -441900, 1.82276e+06
9.70242e+06, -445079, 1.82199e+06
9.69796e+06, -448257, 1.82121e+06
9.69346e+06, -451433, 1.82043e+06
9.68893e+06, -454608, 1.81964e+06
9.68437e+06, -457781, 1.81884e+06
9.67977e+06, -460953, 1.81804e+06
9.67515e+06, -464123, 1.81723e+06
9.67049e+06, -467292, 1.81642e+06
9.6658e+06, -470459, 1.8156e+06
9.66108e+06, -473625, 1.81477e+06
9.65633e+06, -476789, 1.81394e+06
9.65155e+06, -479952, 1.8131e+06
9.64673e+06, -483113, 1.81226e+06
9.64188e+06, -486272, 1.81141e+06
9.637e+06, -489430, 1.81055e+06
9.63209e+06, -492586, 1.8097e+06
9.62715e+06, -495741, 1.80884e+06
9.62218e+06, -498894, 1.80798e+06
9.61717e+06, -502045, 1.80711e+06
9.61214e+06, -505195, 1.80624e+06
9.60707e+06, -508343, 1.80536e+06
9.60197e+06, -511490, 1.80447e+06
9.59684e+06, -514634, 1.80358e+06
9.59168e+06, -517777, 1.80268e+06
9.58649e+06, -520919, 1.80177e+06
9.58126e+06, -524058, 1.80086e+06
9.576e+06, -527196, 1.79995e+06
9.57072e+06, -530333, 1.79903e+06
9.5654e+06, -533467, 1.7981e+06
9.56005e+06, -536600, 1.79716e+06
9.55467e+06, -539731, 1.79622e+06
9.54925e+06, -542860, 1.79528e+06
9.54381e+06, -545987, 1.79433e+06
9.53833e+06, -549113, 1.79337e+06
9.53283e+06, -552237, 1.7924e+06
9.52729e+06, -555359, 1.79143e+06
9.52172e+06, -558479, 1.79046e+06
9.51612e+06, -561597, 1.78949e+06
9.51049e+06, -564714, 1.78851e+06
9.50482e+06, -567829, 1.78753e+06
9.49913e+06, -570942, 1.78654e+06
9.49341e+06, -574052, 1.78555e+06
9.48765e+06, -577162, 1.78455e+06
9.48186e+06, -580269, 1.78354e+06
9.47604e+06, -583374, 1.78253e+06
9.4702e+06, -586477, 1.78151e+06
9.46431e+06, -589579, 1.78049e+06
9.4584e+06, -592678, 1.77946e+06
9.45246e+06, -595776, 1.77842e+06
9.44649e+06, -598872, 1.77738e+06
9.44048e+06, -601965, 1.77633e+06
9.43445e+06, -605057, 1.77528e+06
9.42838e+06, -608147, 1.77422e+06
9.42229e+06, -611234, 1.77316e+06
9.41616e+06, -614320, 1.77208e+06
9.41e+06, -617404, 1.77101e+06
9.40381e+06, -620485, 1.76993e+06
9.39759e+06, -623565, 1.76885e+06
9.39134e+06, -626643, 1.76777e+06
9.38506e+06, -629718, 1.76668e+06
9.37874e+06, -632792, 1.76559e+06
9.3724e+06, -635863, 1.76449e+06
9.36603e+06, -638933, 1.76338e+06
9.35962e+06, -642000, 1.76227e+06
9.35319e+06, -645065, 1.76115e+06
9.34672e+06, -648128, 1.76002e+06
9.34022e+06, -651189, 1.75889e+06
9.3337e+06, -654248, 1.75775e+06
9.32714e+06, -657304, 1.75661e+06
9.32055e+06, -660359, 1.75546e+06
9.31393e+06, -663411, 1.75431e+06
9.30728e+06, -666461, 1.75314e+06
9.3006e+06, -669509, 1.75198e+06
9.29389e+06, -672555, 1.7508e+06
9.28715e+06, -675598, 1.74964e+06
9.28038e+06, -678640, 1.74847e+06
9.27358e+06, -681679, 1.74729e+06
9.26675e+06, -684716, 1.7461e+06
9.25988e+06, -687750, 1.74492e+06
9.25299e+06, -690783, 1.74372e+06
9.24607e+06, -693813, 1.74252e+06
9.23912e+06, -696841, 1.74131e+06
9.23213e+06, -699866, 1.7401e+06
9.22512e+06, -702890, 1.73888e+06
9.21807e+06, -705911, 1.73765e+06
9.211e+06, -708929, 1.73642e+06
9.2039e+06, -711946, 1.73518e+06
9.19676e+06, -714960, 1.73394e+06
9.1896e+06, -717971, 1.73268e+06
9.1824e+06, -720981, 1.73143e+06
9.17518e+06, -723988, 1.73017e+06
9.16792e+06, -726992, 1.72892e+06
9.16064e+06, -729994, 1.72766e+06
9.15332e+06, -732994, 1.72639e+06
9.14598e+06, -735992, 1.72512e+06
9.1386e+06, -738987, 1.72384e+06
9.1312e+06, -741979, 1.72256e+06
9.12376e+06, -744969, 1.72127e+06
9.1163e+06, -747957, 1.71997e+06
9.1088e+06, -750942, 1.71867e+06
9.10128e+06, -753925, 1.71736e+06
9.09373e+06, -756905, 1.71605e+06
9.08614e+06, -759883, 1.71473e+06
9.07853e+06, -762859, 1.7134e+06
9.07088e+06, -765831, 1.71207e+06
9.06321e+06, -768802, 1.71073e+06
9.05551e+06, -771770, 1.7094e+06
9.04778e+06, -774735, 1.70806e+06
9.04001e+06, -777698, 1.70672e+06
9.03222e+06, -780658, 1.70537e+06
9.0244e+06, -783615, 1.70402e+06
9.01655e+06, -786571, 1.70266e+06
9.00867e+06, -789523, 1.70129e+06
9.00076e+06, -792473, 1.69992e+06
8.99282e+06, -795420, 1.69854e+06
8.98485e+06, -798365, 1.69716e+06
8.97685e+06, -801307, 1.69577e+06
8.96882e+06, -804247, 1.69437e+06
8.96077e+06, -807183, 1.69297e+06
8.95268e+06, -810118, 1.69156e+06
8.94457e+06, -813049, 1.69015e+06
8.93642e+06, -815978, 1.68875e+06
8.92825e+06, -818904, 1.68734e+06
8.92004e+06, -821828, 1.68592e+06
8.91181e+06, -824749, 1.6845e+06
8.90355e+06, -827667, 1.68307e+06
8.89526e+06, -830582, 1.68163e+06
8.88694e+06, -833495, 1.68019e+06
8.87859e+06, -836405, 1.67874e+06
8.87021e+06, -839312, 1.67729e+06
8.8618e+06, -842217, 1.67583e+06
8.85336e+06, -845118, 1.67436e+06
8.8449e+06, -848017, 1.67288e+06
8.8364e+06, -850914, 1.6714e+06
8.82788e+06, -853807, 1.66993e+06
8.81933e+06, -856697, 1.66846e+06
8.81075e+06, -859585, 1.66698e+06
8.80213e+06, -862470, 1.66549e+06
8.7935e+06, -865352, 1.664e+06
8.78483e+06, -868232, 1.6625e+06
8.77613e+06, -871108, 1.661e+06
8.76741e+06, -873982, 1.65949e+06
8.75865e+06, -876853, 1.65797e+06
8.74987e+06, -879720, 1.65645e+06
8.74106e+06, -882585, 1.65492e+06
8.73222e+06, -885448, 1.65338e+06
8.72335e+06, -888307, 1.65184e+06
8.71445e+06, -891163, 1.6503e+06
8.70552e+06, -894016, 1.64876e+06
8.69657e+06, -896867, 1.64722e+06
8.68759e+06, -899714, 1.64567e+06
8.67858e+06, -902559, 1.64412e+06
8.66954e+06, -905400, 1.64256e+06
8.66047e+06, -908239, 1.64099e+06
8.65137e+06, -911075, 1.63942e+06
8.64225e+06, -913907, 1.63784e+06
8.63309e+06, -916737, 1.63625e+06
8.62391e+06, -919564, 1.63466e+06
8.6147e+06, -922387, 1.63306e+06
8.60546e+06, -925208, 1.63145e+06
8.5962e+06, -928026, 1.62986e+06
8.5869e+06, -930840, 1.62826e+06
8.57758e+06, -933652, 1.62666e+06
8.56823e+06, -936460, 1.62505e+06
8.55885e+06, -939266, 1.62343e+06
8.54945e+06, -942068, 1.62181e+06
8.54001e+06, -944867, 1.62018e+06
8.53055e+06, -947663, 1.61854e+06
8.52106e+06, -950456, 1.6169e+06
8.51154e+06, -953246, 1.61525e+06
8.50199e+06, -956033, 1.61359e+06
8.49242e+06, -958817, 1.61193e+06
8.48282e+06, -961597, 1.61028e+06
8.47319e+06, -964375, 1.60863e+06
8.46353e+06, -967149, 1.60697e+06
8.45384e+06, -969920, 1.6053e+06
8.44413e+06, -972688, 1.60363e+06
8.43439e+06, -975453, 1.60195e+06
8.42462e+06, -978214, 1.60026e+06
8.41483e+06, -980972, 1.59857e+06
8.405e+06, -983727, 1.59687e+06
8.39515e+06, -986479, 1.59517e+06
8.38527e+06, -989228, 1.59346e+06
8.37537e+06, -991973, 1.59174e+06
8.36543e+06, -994715, 1.59004e+06
8.35547e+06, -997454, 1.58833e+06
8.34548e+06, -1.00019e+06, 1.58661e+06
8.33547e+06, -1.00292e+06, 1.58489e+06
8.32543e+06, -1.00565e+06, 1.58317e+06
8.31536e+06, -1.00838e+06, 1.58143e+06
8.30526e+06, -1.0111e+06, 1.57969e+06
8.29513e+06, -1.01382e+06, 1.57794e+06
8.28498e+06, -1.01653e+06, 1.57619e+06
8.2748e+06, -1.01925e+06, 1.57443e+06
8.2646e+06, -1.02196e+06, 1.57266e+06
8.25436e+06, -1.02466e+06, 1.5709e+06
8.2441e+06, -1.02736e+06, 1.56915e+06
8.23382e+06, -1.03006e+06, 1.56738e+06
8.2235e+06, -1.03276e+06, 1.56561e+06
8.21316e+06, -1.03545e+06, 1.56384e+06
8.20279e+06, -1.03814e+06, 1.56205e+06
8.1924e+06, -1.04083e+06, 1.56026e+06
8.18198e+06, -1.04351e+06, 1.55847e+06
8.17153e+06, -1.04619e+06, 1.55667e+06
8.16105e+06, -1.04886e+06, 1.55486e+06
8.15055e+06, -1.05153e+06, 1.55304e+06
8.14002e+06, -1.0542e+06, 1.55123e+06
8.12947e+06, -1.05687e+06, 1.54943e+06
8.11888e+06, -1.05953e+06, 1.54762e+06
8.10828e+06, -1.06219e+06, 1.5458e+06
8.09764e+06, -1.06484e+06, 1.54398e+06
8.08698e+06, -1.06749e+06, 1.54214e+06
8.07629e+06, -1.07014e+06, 1.54031e+06
8.06558e+06, -1.07278e+06, 1.53846e+06
8.05484e+06, -1.07542e+06, 1.53661e+06
8.04407e+06, -1.07806e+06, 1.53475e+06
8.03327e+06, -1.08069e+06, 1.53289e+06
8.02245e+06, -1.08332e+06, 1.53104e+06
8.01161e+06, -1.08595e+06, 1.52919e+06
8.00074e+06, -1.08857e+06, 1.52733e+06
7.98984e+06, -1.09119e+06, 1.52546e+06
7.97891e+06, -1.09381e+06, 1.52359e+06
7.96796e+06, -1.09642e+06, 1.52171e+06
7.95698e+06, -1.09903e+06, 1.51983e+06
7.94598e+06, -1.10163e+06, 1.51793e+06
7.93495e+06, -1.10423e+06, 1.51604e+06
7.9239e+06, -1.10683e+06, 1.51413e+06
7.91281e+06, -1.10943e+06, 1.51223e+06
7.90171e+06, -1.11202e+06, 1.51033e+06
7.89057e+06, -1.1146e+06, 1.50843e+06
7.87941e+06, -1.11719e+06, 1.50653e+06
7.86823e+06, -1.11977e+06, 1.50462e+06
7.85702e+06, -1.12234e+06, 1.5027e+06
7.84578e+06, -1.12491e+06, 1.50077e+06
7.83452e+06, -1.12748e+06, 1.49884e+06
7.82323e+06, -1.13005e+06, 1.4969e+06
7.81192e+06, -1.13261e+06, 1.49495e+06
7.80058e+06, -1.13517e+06, 1.493e+06
7.78922e+06, -1.13772e+06, 1.49107e+06
7.77783e+06, -1.14027e+06, 1.48913e+06
7.76641e+06, -1.14282e+06, 1.48718e+06
7.75497e+06, -1.14536e+06, 1.48523e+06
7.7435e+06, -1.1479e+06, 1.48327e+06
7.73201e+06, -1.15043e+06, 1.4813e+06
7.7205e+06, -1.15296e+06, 1.47933e+06
7.70895e+06, -1.15549e+06, 1.47735e+06
7.69739e+06, -1.15801e+06, 1.47536e+06
7.68579e+06, -1.16053e+06, 1.47337e+06
7.67418e+06, -1.16305e+06, 1.47139e+06
7.66253e+06, -1.16556e+06, 1.46941e+06
7.65086e+06, -1.16807e+06, 1.46743e+06
7.63917e+06, -1.17057e+06, 1.46544e+06
7.62745e+06, -1.17307e+06, 1.46344e+06
7.61571e+06, -1.17557e+06, 1.46143e+06
7.60394e+06, -1.17806e+06, 1.45941e+06
7.59215e+06, -1.18055e+06, 1.45739e+06
7.58033e+06, -1.18304e+06, 1.45537e+06
7.56849e+06, -1.18552e+06, 1.45334e+06
7.55662e+06, -1.188e+06, 1.45133e+06
7.54473e+06, -1.19047e+06, 1.44931e+06
7.53281e+06, -1.19294e+06, 1.44728e+06
7.52087e+06, -1.19541e+06, 1.44525e+06
7.5089e+06, -1.19787e+06, 1.44321e+06
7.49691e+06, -1.20033e+06, 1.44116e+06
7.4849e+06, -1.20278e+06, 1.43911e+06
7.47286e+06, -1.20523e+06, 1.43705e+06
7.46079e+06, -1.20768e+06, 1.43498e+06
7.4487e+06, -1.21012e+06, 1.43293e+06
7.43659e+06, -1.21256e+06, 1.43088e+06
7.42445e+06, -1.21499e+06, 1.42882e+06
7.41229e+06, -1.21742e+06, 1.42675e+06
7.4001e+06, -1.21985e+06, 1.42468e+06
7.38789e+06, -1.22227e+06, 1.4226e+06
7.37566e+06, -1.22469e+06, 1.42052e+06
7.3634e+06, -1.2271e+06, 1.41842e+06
7.35111e+06, -1.22951e+06, 1.41632e+06
7.33881e+06, -1.23192e+06, 1.41422e+06
7.32648e+06, -1.23432e+06, 1.41214e+06
7.31412e+06, -1.23672e+06, 1.41005e+06
7.30174e+06, -1.23911e+06, 1.40796e+06
7.28934e+06, -1.2415e+06, 1.40585e+06
7.27691e+06, -1.24389e+06, 1.40374e+06
7.26446e+06, -1.24627e+06, 1.40162e+06
7.25199e+06, -1.24865e+06, 1.3995e+06
7.23949e+06, -1.25102e+06, 1.39736e+06
7.22697e+06, -1.25339e+06, 1.39523e+06
7.21442e+06, -1.25576e+06, 1.39311e+06
7.20185e+06, -1.25812e+06, 1.39099e+06
7.18926e+06, -1.26048e+06, 1.38886e+06
7.17664e+06, -1.26283e+06, 1.38673e+06
7.164e+06, -1.26518e+06, 1.38458e+06
7.15134e+06, -1.26752e+06, 1.38243e+06
7.13865e+06, -1.26986e+06, 1.38028e+06
7.12594e+06, -1.2722e+06, 1.37811e+06
7.11321e+06, -1.27453e+06, 1.37594e+06
7.10045e+06, -1.27686e+06, 1.37379e+06
7.08767e+06, -1.27918e+06, 1.37164e+06
7.07487e+06, -1.2815e+06, 1.36948e+06
7.06204e+06, -1.28382e+06, 1.36732e+06
7.04919e+06, -1.28613e+06, 1.36514e+06
7.03632e+06, -1.28844e+06, 1.36296e+06
7.02342e+06, -1.29074e+06, 1.36077e+06
7.0105e+06, -1.29304e+06, 1.35858e+06
6.99756e+06, -1.29533e+06, 1.35637e+06
6.9846e+06, -1.29763e+06, 1.3542e+06
6.97161e+06, -1.29991e+06, 1.35202e+06
6.9586e+06, -1.30219e+06, 1.34983e+06
6.94556e+06, -1.30447e+06, 1.34763e+06
6.93251e+06, -1.30674e+06, 1.34542e+06
6.91943e+06, -1.30901e+06, 1.34321e+06
6.90633e+06, -1.31128e+06, 1.34099e+06
6.8932e+06, -1.31354e+06, 1.33876e+06
6.88006e+06, -1.31579e+06, 1.33654e+06
6.86689e+06, -1.31805e+06, 1.33434e+06
6.8537e+06, -1.32029e+06, 1.33212e+06
6.84048e+06, -1.32254e+06, 1.3299e+06
6.82725e+06, -1.32477e+06, 1.32767e+06
6.81399e+06, -1.32701e+06, 1.32544e+06
6.80071e+06, -1.32924e+06, 1.3232e+06
6.7874e+06, -1.33146e+06, 1.32095e+06
6.77408e+06, -1.33369e+06, 1.31869e+06
6.76073e+06, -1.3359e+06, 1.31645e+06
6.74736e+06, -1.33812e+06, 1.31421e+06
6.73397e+06, -1.34032e+06, 1.31197e+06
6.72055e+06, -1.34253e+06, 1.30972e+06
6.70712e+06, -1.34473e+06, 1.30746e+06
6.69366e+06, -1.34692e+06, 1.3052e+06
6.68018e+06, -1.34911e+06, 1.30292e+06
6.66667e+06, -1.3513e+06, 1.30064e+06
6.65315e+06, -1.35348e+06, 1.29836e+06
6.63961e+06, -1.35566e+06, 1.2961e+06
6.62604e+06, -1.35783e+06, 1.29384e+06
6.61245e+06, -1.36e+06, 1.29157e+06
6.59884e+06, -1.36216e+06, 1.28929e+06
6.58521e+06, -1.36432e+06, 1.287e+06
6.57155e+06, -1.36648e+06, 1.2847e+06
6.55788e+06, -1.36863e+06, 1.2824e+06
6.54418e+06, -1.37077e+06, 1.28009e+06
6.53046e+06, -1.37292e+06, 1.2778e+06
6.51672e+06, -1.37505e+06, 1.27551e+06
6.50296e+06, -1.37719e+06, 1.27322e+06
6.48918e+06, -1.37931e+06, 1.27092e+06
6.47537e+06, -1.38144e+06, 1.26861e+06
6.46155e+06, -1.38356e+06, 1.2663e+06
6.4477e+06, -1.38567e+06, 1.26397e+06
6.43383e+06, -1.38778e+06, 1.26164e+06
6.41995e+06, -1.38989e+06, 1.25931e+06
6.40604e+06, -1.39199e+06, 1.25701e+06
6.39211e+06, -1.39408e+06, 1.25469e+06
6.37816e+06, -1.39618e+06, 1.25237e+06
6.36418e+06, -1.39826e+06, 1.25004e+06
6.35019e+06, -1.40035e+06, 1.24771e+06
6.33618e+06, -1.40242e+06, 1.24536e+06
6.32214e+06, -1.4045e+06, 1.24301e+06
6.30809e+06, -1.40657e+06, 1.24065e+06
6.29401e+06, -1.40863e+06, 1.23833e+06
6.27991e+06, -1.41069e+06, 1.23599e+06
6.2658e+06, -1.41274e+06, 1.23365e+06
6.25166e+06, -1.4148e+06, 1.2313e+06
6.2375e+06, -1.41684e+06, 1.22894e+06
6.22332e+06, -1.41888e+06, 1.22658e+06
6.20912e+06, -1.42092e+06, 1.2242e+06
6.1949e+06, -1.42295e+06, 1.22182e+06
6.18066e+06, -1.42498e+06, 1.21948e+06
6.1664e+06, -1.427e+06, 1.21713e+06
6.15212e+06, -1.42902e+06, 1.21476e+06
6.13782e+06, -1.43103e+06, 1.21239e+06
6.1235e+06, -1.43304e+06, 1.21002e+06
6.10916e+06, -1.43504e+06, 1.20763e+06
6.0948e+06, -1.43704e+06, 1.20524e+06
6.08042e+06, -1.43904e+06, 1.20284e+06
6.06602e+06, -1.44103e+06, 1.20047e+06
6.0516e+06, -1.44301e+06, 1.1981e+06
6.03716e+06, -1.44499e+06, 1.19572e+06
6.0227e+06, -1.44697e+06, 1.19333e+06
6.00822e+06, -1.44894e+06, 1.19093e+06
5.99372e+06, -1.4509e+06, 1.18853e+06
5.9792e+06, -1.45286e+06, 1.18612e+06
5.96467e+06, -1.45482e+06, 1.1837e+06
5.95011e+06, -1.45677e+06, 1.18132e+06
5.93553e+06, -1.45872e+06, 1.17893e+06
5.92093e+06, -1.46066e+06, 1.17653e+06
5.90632e+06, -1.4626e+06, 1.17412e+06
5.89168e+06, -1.46453e+06, 1.1717e+06
5.87703e+06, -1.46646e+06, 1.16928e+06
5.86235e+06, -1.46838e+06, 1.16685e+06
5.84766e+06, -1.4703e+06, 1.16442e+06
5.83295e+06, -1.47221e+06, 1.16202e+06
5.81821e+06, -1.47412e+06, 1.15961e+06
5.80346e+06, -1.47602e+06, 1.15719e+06
5.78869e+06, -1.47792e+06, 1.15477e+06
5.77391e+06, -1.47982e+06, 1.15234e+06
5.7591e+06, -1.48171e+06, 1.14989e+06
5.74427e+06, -1.48359e+06, 1.14744e+06
5.72943e+06, -1.48547e+06, 1.14501e+06
5.71456e+06, -1.48734e+06, 1.14259e+06
5.69968e+06, -1.48921e+06, 1.14017e+06
5.68478e+06, -1.49108e+06, 1.13773e+06
5.66986e+06, -1.49294e+06, 1.13529e+06
5.65492e+06, -1.49479e+06, 1.13284e+06
5.63996e+06, -1.49664e+06, 1.13038e+06
5.62499e+06, -1.49849e+06, 1.12791e+06
5.60999e+06, -1.50033e+06, 1.12547e+06
5.59498e+06, -1.50216e+06, 1.12304e+06
5.57995e+06, -1.50399e+06, 1.1206e+06
5.5649e+06, -1.50582e+06, 1.11815e+06
5.54983e+06, -1.50764e+06, 1.11569e+06
5.53475e+06, -1.50946e+06, 1.11322e+06
5.51964e+06, -1.51127e+06, 1.11074e+06
5.50452e+06, -1.51307e+06, 1.10827e+06
5.48938e+06, -1.51487e+06, 1.10583e+06
5.47422e+06, -1.51667e+06, 1.10338e+06
5.45905e+06, -1.51846e+06, 1.10092e+06
5.44386e+06, -1.52025e+06, 1.09845e+06
5.42864e+06, -1.52203e+06, 1.09598e+06
5.41341e+06, -1.5238e+06, 1.09349e+06
5.39817e+06, -1.52557e+06, 1.091e+06
5.3829e+06, -1.52734e+06, 1.08853e+06
5.36762e+06, -1.5291e+06, 1.08608e+06
5.35232e+06, -1.53086e+06, 1.08361e+06
5.337e+06, -1.53261e+06, 1.08114e+06
5.32167e+06, -1.53435e+06, 1.07866e+06
5.30632e+06, -1.53609e+06, 1.07617e+06
5.29095e+06, -1.53783e+06, 1.07367e+06
5.27556e+06, -1.53956e+06, 1.07117e+06
5.26016e+06, -1.54129e+06, 1.06871e+06
5.24473e+06, -1.54301e+06, 1.06623e+06
5.2293e+06, -1.54472e+06, 1.06376e+06
5.21384e+06, -1.54643e+06, 1.06127e+06
5.19837e+06, -1.54814e+06, 1.05877e+06
5.18288e+06, -1.54984e+06, 1.05627e+06
5.16737e+06, -1.55153e+06, 1.05375e+06
5.15185e+06, -1.55323e+06, 1.05127e+06
5.13631e+06, -1.55491e+06, 1.04879e+06
5.12075e+06, -1.55659e+06, 1.04631e+06
5.10517e+06, -1.55827e+06, 1.04382e+06
5.08958e+06, -1.55994e+06, 1.04132e+06
5.07398e+06, -1.5616e+06, 1.03881e+06
5.05835e+06, -1.56326e+06, 1.03629e+06
5.04271e+06, -1.56491e+06, 1.03378e+06
5.02705e+06, -1.56656e+06, 1.0313e+06
5.01138e+06, -1.56821e+06, 1.02881e+06
4.99569e+06, -1.56985e+06, 1.02632e+06
4.97998e+06, -1.57148e+06, 1.02381e+06
4.96426e+06, -1.57311e+06, 1.0213e+06
4.94852e+06, -1.57473e+06, 1.01878e+06
4.93276e+06, -1.57635e+06, 1.01625e+06
4.91699e+06, -1.57797e+06, 1.01376e+06
4.90121e+06, -1.57957e+06, 1.01127e+06
4.8854e+06, -1.58118e+06, 1.00877e+06
4.86958e+06, -1.58277e+06, 1.00627e+06
4.85375e+06, -1.58437e+06, 1.00375e+06
4.83789e+06, -1.58595e+06, 1.00122e+06
4.82203e+06, -1.58754e+06, 998688
4.80614e+06, -1.58911e+06, 996192
4.79024e+06, -1.59069e+06, 993699
4.77433e+06, -1.59225e+06, 991198
4.7584e+06, -1.59381e+06, 988688
4.74245e+06, -1.59537e+06, 986169
4.72649e+06, -1.59692e+06, 983641
4.71052e+06, -1.59847e+06, 981104
4.69452e+06, -1.60001e+06, 978595
4.67852e+06, -1.60154e+06, 976102
4.66249e+06, -1.60307e+06, 973600
4.64645e+06, -1.6046e+06, 971089
4.6304e+06, -1.60612e+06, 968569
4.61433e+06, -1.60763e+06, 966040
4.59825e+06, -1.60914e+06, 963503
4.58215e+06, -1.61064e+06, 960984
4.56603e+06, -1.61214e+06, 958491
4.54991e+06, -1.61364e+06, 955989
4.53376e+06, -1.61512e+06, 953479
4.5176e+06, -1.61661e+06, 950960
4.50143e+06, -1.61808e+06, 948431
4.48524e+06, -1.61956e+06, 945894
4.46904e+06, -1.62102e+06, 943369
4.45282e+06, -1.62248e+06, 940878
4.43659e+06, -1.62394e+06, 938378
4.42034e+06, -1.62539e+06, 935870
4.40408e+06, -1.62684e+06, 933352
4.38781e+06, -1.62828e+06, 930825
4.37152e+06, -1.62971e+06, 928289
4.35521e+06, -1.63114e+06, 925763
4.33889e+06, -1.63256e+06, 923275
4.32256e+06, -1.63398e+06, 920778
4.30621e+06, -1.6354e+06, 918273
4.28985e+06, -1.6368e+06, 915758
4.27348e+06, -1.63821e+06, 913234
4.25709e+06, -1.6396e+06, 910701
4.24069e+06, -1.641e+06, 908177
4.22427e+06, -1.64238e+06, 905694
4.20784e+06, -1.64376e+06, 903201
4.19139e+06, -1.64514e+06, 900700
4.17493e+06, -1.64651e+06, 898190
4.15846e+06, -1.64788e+06, 895671
4.14198e+06, -1.64924e+06, 893142
4.12548e+06, -1.65059e+06, 890624
4.10897e+06, -1.65194e+06, 888147
4.09244e+06, -1.65328e+06, 885661
4.0759e+06, -1.65462e+06, 883166
4.05935e+06, -1.65595e+06, 880661
4.04278e+06, -1.65728e+06, 878148
4.0262e+06, -1.6586e+06, 875625
4.00961e+06, -1.65992e+06, 873119
3.993e+06, -1.66123e+06, 870649
3.97638e+06, -1.66253e+06, 868170
3.95975e+06, -1.66383e+06, 865683
3.94311e+06, -1.66513e+06, 863186
3.92645e+06, -1.66642e+06, 860680
3.90978e+06, -1.6677e+06, 858165
3.8931e+06, -1.66898e+06, 855674
3.8764e+06, -1.67025e+06, 853214
3.85969e+06, -1.67152e+06, 850744
3.84297e+06, -1.67278e+06, 848266
3.82624e+06, -1.67404e+06, 845778
3.80949e+06, -1.67529e+06, 843282
3.79273e+06, -1.67653e+06, 840775
3.77596e+06, -1.67777e+06, 838306
3.75917e+06, -1.67901e+06, 835856
3.74238e+06, -1.68023e+06, 833398
3.72557e+06, -1.68146e+06, 830931
3.70875e+06, -1.68268e+06, 828454
3.69192e+06, -1.68389e+06, 825969
3.67507e+06, -1.68509e+06, 823474
3.65821e+06, -1.6863e+06, 821030
3.64135e+06, -1.68749e+06, 818594
3.62446e+06, -1.68868e+06, 816148
3.60757e+06, -1.68987e+06, 813694
3.59067e+06, -1.69105e+06, 811231
3.57375e+06, -1.69222e+06, 808758
3.55682e+06, -1.69339e+06, 806276
3.53988e+06, -1.69455e+06, 803863
3.52293e+06, -1.69571e+06, 801442
3.50597e+06, -1.69686e+06, 799012
3.48899e+06, -1.698e+06, 796573
3.47201e+06, -1.69914e+06, 794125
3.45501e+06, -1.70028e+06, 791668
3.438e+06, -1.70141e+06, 789220
3.42098e+06, -1.70253e+06, 786825
3.40395e+06, -1.70365e+06, 784421
3.38691e+06, -1.70476e+06, 782009
3.36986e+06, -1.70587e+06, 779587
3.35279e+06, -1.70697e+06, 777156
3.33572e+06, -1.70806e+06, 774716
3.31863e+06, -1.70915e+06, 772309
3.30153e+06, -1.71024e+06, 769934
3.28443e+06, -1.71132e+06, 767550
3.26731e+06, -1.71239e+06, 765157
3.25018e+06, -1.71346e+06, 762755
3.23304e+06, -1.71452e+06, 760344
3.21589e+06, -1.71558e+06, 757924
3.19873e+06, -1.71663e+06, 755563
3.18156e+06, -1.71767e+06, 753211
3.16437e+06, -1.71871e+06, 750849
3.14718e+06, -1.71975e+06, 748479
3.12998e+06, -1.72077e+06, 746099
3.11277e+06, -1.7218e+06, 743711
3.09554e+06, -1.72281e+06, 741325
3.07831e+06, -1.72382e+06, 739006
3.06107e+06, -1.72483e+06, 736678
3.04381e+06, -1.72583e+06, 734342
3.02655e+06, -1.72682e+06, 731996
3.00928e+06, -1.72781e+06, 729642
2.99199e+06, -1.7288e+06, 727279
2.9747e+06, -1.72977e+06, 724950
2.9574e+06, -1.73075e+06, 722659
2.94009e+06, -1.73171e+06, 720359
2.92276e+06, -1.73267e+06, 718051
2.90543e+06, -1.73363e+06, 715734
2.88809e+06, -1.73458e+06, 713408
2.87074e+06, -1.73552e+06, 711073
2.85338e+06, -1.73646e+06, 708808
2.83601e+06, -1.73739e+06, 706548
2.81863e+06, -1.73831e+06, 704280
2.80125e+06, -1.73923e+06, 702002
2.78385e+06, -1.74015e+06, 699717
2.76644e+06, -1.74106e+06, 697422
2.74903e+06, -1.74196e+06, 695143
2.7316e+06, -1.74286e+06, 692926
2.71417e+06, -1.74375e+06, 690700
2.69673e+06, -1.74464e+06, 688466
2.67928e+06, -1.74552e+06, 686224
2.66182e+06, -1.74639e+06, 683973
2.64435e+06, -1.74726e+06, 681713
2.62687e+06, -1.74813e+06, 679511
2.60939e+06, -1.74898e+06, 677331
2.59189e+06, -1.74984e+06, 675144
2.57439e+06, -1.75068e+06, 672948
2.55688e+06, -1.75152e+06, 670743
2.53936e+06, -1.75236e+06, 668531
2.52183e+06, -1.75319e+06, 666323
2.5043e+06, -1.75401e+06, 664193
2.48675e+06, -1.75483e+06, 662055
2.4692e+06, -1.75564e+06, 659909
2.45164e+06, -1.75645e+06, 657755
2.43407e+06, -1.75725e+06, 655593
2.4165e+06, -1.75804e+06, 653423
2.39891e+06, -1.75883e+06, 651305
2.38132e+06, -1.75961e+06, 649220
2.36372e+06, -1.76039e+06, 647128
2.34611e+06, -1.76116e+06, 645028
2.3285e+06, -1.76193e+06, 642921
2.31087e+06, -1.76269e+06, 640805
2.29324e+06, -1.76344e+06, 638690
2.2756e+06, -1.76419e+06, 636663
2.25796e+06, -1.76493e+06, 634628
2.24031e+06, -1.76567e+06, 632586
2.22264e+06, -1.7664e+06, 630536
2.20498e+06, -1.76712e+06, 628479
2.1873e+06, -1.76784e+06, 626415
2.16962e+06, -1.76856e+06, 624404
2.15193e+06, -1.76927e+06, 622431
2.13423e+06, -1.76997e+06, 620451
2.11653e+06, -1.77066e+06, 618464
2.09882e+06, -1.77135e+06, 616470
2.0811e+06, -1.77204e+06, 614468
2.06338e+06, -1.77272e+06, 612470
2.04565e+06, -1.77339e+06, 610563
2.02791e+06, -1.77406e+06, 608649
2.01017e+06, -1.77472e+06, 606729
1.99242e+06, -1.77537e+06, 604801
1.97466e+06, -1.77602e+06, 602867
1.9569e+06, -1.77667e+06, 600926
1.93913e+06, -1.77731e+06, 599049
1.92135e+06, -1.77794e+06, 597206
1.90357e+06, -1.77857e+06, 595356
1.88578e+06, -1.77919e+06, 593500
1.86799e+06, -1.7798e+06, 591638
1.85018e+06, -1.78041e+06, 589769
1.83238e+06, -1.78101e+06, 587915
1.81456e+06, -1.78161e+06, 586147
1.79675e+06, -1.7822e+06, 584373
1.77892e+06, -1.78279e+06, 582594
1.76109e+06, -1.78337e+06, 580808
1.74325e+06, -1.78394e+06, 579016
1.72541e+06, -1.78451e+06, 577218
1.70756e+06, -1.78507e+06, 575501
1.68971e+06, -1.78563e+06, 573808
1.67185e+06, -1.78618e+06, 572109
1.65399e+06, -1.78672e+06, 570405
1.63612e+06, -1.78726e+06, 568695
1.61824e+06, -1.7878e+06, 566980
1.60036e+06, -1.78832e+06, 565297
1.58247e+06, -1.78884e+06, 563690
1.56458e+06, -1.78936e+06, 562077
1.54669e+06, -1.78987e+06, 560459
1.52879e+06, -1.79037e+06, 558836
1.51088e+06, -1.79087e+06, 557208
1.49297e+06, -1.79136e+06, 555574
1.47505e+06, -1.79185e+06, 554047
1.45713e+06, -1.79233e+06, 552525
1.43921e+06, -1.7928e+06, 550999
1.42128e+06, -1.79327e+06, 549468
1.40334e+06, -1.79374e+06, 547932
1.3854e+06, -1.79419e+06, 546392
1.36746e+06, -1.79464e+06, 544911
1.34951e+06, -1.79509e+06, 543486
1.33155e+06, -1.79553e+06, 542056
1.3136e+06, -1.79596e+06, 540622
1.29564e+06, -1.79639e+06, 539184
1.27767e+06, -1.79681e+06, 537742
1.2597e+06, -1.79723e+06, 536312
1.24173e+06, -1.79763e+06, 534988
1.22375e+06, -1.79804e+06, 533660
1.20576e+06, -1.79844e+06, 532328
1.18778e+06, -1.79883e+06, 530993
1.16979e+06, -1.79921e+06, 529654
1.15179e+06, -1.7996e+06, 528312
1.1338e+06, -1.79997e+06, 527062
1.11579e+06, -1.80034e+06, 525841
1.09779e+06, -1.8007e+06, 524617
1.07978e+06, -1.80106e+06, 523390
1.06177e+06, -1.80141e+06, 522160
1.04375e+06, -1.80175e+06, 520926
1.02573e+06, -1.80209e+06, 519739
1.00771e+06, -1.80243e+06, 518630
989685, -1.80275e+06, 517519
971656, -1.80307e+06, 516404
953623, -1.80339e+06, 515288
935588, -1.8037e+06, 514168
917549, -1.804e+06, 513048
899508, -1.8043e+06, 512056
881463, -1.80459e+06, 511062
863416, -1.80488e+06, 510065
845366, -1.80516e+06, 509067
827313, -1.80543e+06, 508066
809257, -1.8057e+06, 507063
791199, -1.80596e+06, 506147
773138, -1.80622e+06, 505275
755075, -1.80647e+06, 504400
737009, -1.80671e+06, 503525
718940, -1.80695e+06, 502647
700870, -1.80718e+06, 501768
682797, -1.80741e+06, 500929
664721, -1.80763e+06, 500183
646644, -1.80785e+06, 499435
628565, -1.80805e+06, 498686
610483, -1.80826e+06, 497936
592399, -1.80845e+06, 497185
574314, -1.80865e+06, 496432
556227, -1.80883e+06, 495811
538137, -1.80901e+06, 495193
520046, -1.80918e+06, 494575
501954, -1.80935e+06, 493956
483859, -1.80951e+06, 493336
465764, -1.80967e+06, 492715
447666, -1.80982e+06, 492179
429567, -1.80996e+06, 491695
411467, -1.8101e+06, 491211
393365, -1.81023e+06, 490726
375262, -1.81036e+06, 490240
357158, -1.81048e+06, 489754
339053, -1.81059e+06, 489307
320946, -1.8107e+06, 488959
302839, -1.8108e+06, 488611
284730, -1.8109e+06, 488263
266621, -1.81099e+06, 487914
248511, -1.81107e+06, 487565
230400, -1.81115e+06, 487216
212288, -1.81122e+06, 486999
194175, -1.81129e+06, 486790
176062, -1.81135e+06, 486580
157948, -1.8114e+06, 486370
139834, -1.81145e+06, 486160
121719, -1.8115e+06, 485950
103604, -1.81153e+06, 485826
85488.4, -1.81156e+06, 485756
67372.7, -1.81159e+06, 485686
49256.7, -1.81161e+06, 485615
31140.5, -1.81162e+06, 485545
13024.3, -1.81163e+06, 485475
-5092.03, -1.81163e+06, 485444
-23208.3, -1.81163e+06, 485515
-41324.5, -1.81161e+06, 485585
-59440.6, -1.8116e+06, 485655
-77556.4, -1.81158e+06, 485725
-95672.1, -1.81155e+06, 485795
-113787, -1.81151e+06, 485865
-131902, -1.81147e+06, 486068
-150017, -1.81143e+06, 486278
-168131, -1.81137e+06, 486488
-186244, -1.81132e+06, 486698
-204357, -1.81125e+06, 486908
-222469, -1.81118e+06, 487117
-240581, -1.81111e+06, 487413
-258691, -1.81102e+06, 487762
-276801, -1.81094e+06, 488110
-294910, -1.81084e+06, 488459
-313018, -1.81074e+06, 488807
-331125, -1.81064e+06, 489155
-349231, -1.81053e+06, 489541
-367336, -1.81041e+06, 490028
-385439, -1.81029e+06, 490513
-403541, -1.81016e+06, 490999
-421642, -1.81002e+06, 491483
-439742, -1.80988e+06, 491968
-457840, -1.80973e+06, 492451
-475936, -1.80958e+06, 493064
-494031, -1.80942e+06, 493684
-512125, -1.80926e+06, 494304
-530216, -1.80909e+06, 494923
-548306, -1.80891e+06, 495540
-566395, -1.80873e+06, 496157
-584481, -1.80854e+06, 496856
-602565, -1.80834e+06, 497607
-620648, -1.80814e+06, 498358
-638728, -1.80794e+06, 499107
-656807, -1.80773e+06, 499856
-674883, -1.80751e+06, 500603
-692957, -1.80728e+06, 501383
-711028, -1.80705e+06, 502262
-729098, -1.80682e+06, 503141
-747165, -1.80658e+06, 504017
-765229, -1.80633e+06, 504892
-783291, -1.80607e+06, 505765
-801351, -1.80581e+06, 506637
-819407, -1.80555e+06, 507627
-837462, -1.80528e+06, 508629
-855513, -1.805e+06, 509628
-873562, -1.80472e+06, 510626
-891607, -1.80443e+06, 511621
-909650, -1.80413e+06, 512614
-927690, -1.80383e+06, 513677
-945727, -1.80353e+06, 514798
-963760, -1.80321e+06, 515916
-981791, -1.80289e+06, 517031
-999818, -1.80257e+06, 518144
-1.01784e+06, -1.80224e+06, 519254
-1.03586e+06, -1.8019e+06, 520385
-1.05388e+06, -1.80156e+06, 521620
-1.07189e+06, -1.80121e+06, 522852
-1.0899e+06, -1.80086e+06, 524080
-1.10791e+06, -1.8005e+06, 525306
-1.12591e+06, -1.80013e+06, 526528
-1.14391e+06, -1.79976e+06, 527747
-1.16191e+06, -1.79938e+06, 529067
-1.1799e+06, -1.799e+06, 530407
-1.19789e+06, -1.79861e+06, 531744
-1.21587e+06, -1.79821e+06, 533077
-1.23385e+06, -1.79781e+06, 534407
-1.25183e+06, -1.79741e+06, 535733
-1.2698e+06, -1.79699e+06, 537109
-1.28777e+06, -1.79657e+06, 538553
-1.30573e+06, -1.79615e+06, 539993
-1.32369e+06, -1.79572e+06, 541429
-1.34165e+06, -1.79528e+06, 542860
-1.3596e+06, -1.79484e+06, 544287
-1.37754e+06, -1.79439e+06, 545716
-1.39549e+06, -1.79394e+06, 547259
-1.41342e+06, -1.79348e+06, 548796
-1.43136e+06, -1.79301e+06, 550329
-1.44928e+06, -1.79254e+06, 551858
-1.46721e+06, -1.79206e+06, 553381
-1.48512e+06, -1.79158e+06, 554901
-1.50304e+06, -1.79109e+06, 556493
-1.52095e+06, -1.79059e+06, 558124
-1.53885e+06, -1.79009e+06, 559749
-1.55675e+06, -1.78958e+06, 561369
-1.57464e+06, -1.78907e+06, 562984
-1.59253e+06, -1.78855e+06, 564594
-1.61041e+06, -1.78803e+06, 566227
-1.62829e+06, -1.7875e+06, 567945
-1.64616e+06, -1.78696e+06, 569657
-1.66403e+06, -1.78642e+06, 571364
-1.68189e+06, -1.78587e+06, 573065
-1.69975e+06, -1.78532e+06, 574761
-1.7176e+06, -1.78476e+06, 576451
-1.73544e+06, -1.78419e+06, 578229
-1.75328e+06, -1.78362e+06, 580024
-1.77111e+06, -1.78304e+06, 581812
-1.78894e+06, -1.78246e+06, 583595
-1.80676e+06, -1.78187e+06, 585371
-1.82458e+06, -1.78128e+06, 587142
-1.84239e+06, -1.78067e+06, 588949
-1.86019e+06, -1.78007e+06, 590820
-1.87799e+06, -1.77946e+06, 592686
-1.89578e+06, -1.77884e+06, 594544
-1.91357e+06, -1.77821e+06, 596397
-1.93135e+06, -1.77758e+06, 598243
-1.94912e+06, -1.77695e+06, 600082
-1.96688e+06, -1.77631e+06, 602018
-1.98464e+06, -1.77566e+06, 603955
-2.0024e+06, -1.77501e+06, 605886
-2.02014e+06, -1.77435e+06, 607809
-2.03788e+06, -1.77368e+06, 609726
-2.05562e+06, -1.77301e+06, 611636
-2.07335e+06, -1.77234e+06, 613590
-2.09107e+06, -1.77165e+06, 615594
-2.10878e+06, -1.77097e+06, 617592
-2.12648e+06, -1.77027e+06, 619582
-2.14418e+06, -1.76957e+06, 621565
-2.16188e+06, -1.76887e+06, 623541
-2.17956e+06, -1.76816e+06, 625510
-2.19724e+06, -1.76744e+06, 627576
-2.21491e+06, -1.76672e+06, 629637
-2.23257e+06, -1.76599e+06, 631689
-2.25023e+06, -1.76525e+06, 633735
-2.26788e+06, -1.76451e+06, 635773
-2.28552e+06, -1.76377e+06, 637803
-2.30315e+06, -1.76302e+06, 639876
-2.32078e+06, -1.76226e+06, 641995
-2.3384e+06, -1.7615e+06, 644106
-2.35601e+06, -1.76073e+06, 646210
-2.37361e+06, -1.75995e+06, 648305
-2.39121e+06, -1.75917e+06, 650393
-2.4088e+06, -1.75839e+06, 652473
-2.42638e+06, -1.75759e+06, 654644
-2.44395e+06, -1.7568e+06, 656809
-2.46151e+06, -1.75599e+06, 658967
-2.47907e+06, -1.75518e+06, 661116
-2.49662e+06, -1.75437e+06, 663257
-2.51416e+06, -1.75355e+06, 665391
-2.53169e+06, -1.75272e+06, 667560
-2.54921e+06, -1.75189e+06, 669776
-2.56673e+06, -1.75105e+06, 671984
-2.58423e+06, -1.75021e+06, 674183
-2.60173e+06, -1.74936e+06, 676374
-2.61922e+06, -1.7485e+06, 678558
-2.6367e+06, -1.74764e+06, 680733
-2.65417e+06, -1.74677e+06, 682984
-2.67163e+06, -1.7459e+06, 685239
-2.68909e+06, -1.74502e+06, 687485
-2.70654e+06, -1.74414e+06, 689723
-2.72397e+06, -1.74325e+06, 691952
-2.7414e+06, -1.74236e+06, 694173
-2.75882e+06, -1.74146e+06, 696415
-2.77623e+06, -1.74055e+06, 698713
-2.79363e+06, -1.73964e+06, 701003
-2.81102e+06, -1.73872e+06, 703284
-2.8284e+06, -1.73779e+06, 705556
-2.84578e+06, -1.73686e+06, 707820
-2.86314e+06, -1.73593e+06, 710075
-2.8805e+06, -1.73499e+06, 712387
-2.89784e+06, -1.73404e+06, 714716
-2.91518e+06, -1.73309e+06, 717037
-2.9325e+06, -1.73213e+06, 719349
-2.94982e+06, -1.73117e+06, 721653
-2.96713e+06, -1.7302e+06, 723948
-2.98442e+06, -1.72922e+06, 726242
-3.00171e+06, -1.72824e+06, 728609
-3.01899e+06, -1.72726e+06, 730967
-3.03626e+06, -1.72627e+06, 733316
-3.05351e+06, -1.72527e+06, 735656
-3.07076e+06, -1.72427e+06, 737988
-3.088e+06, -1.72326e+06, 740310
-3.10523e+06, -1.72224e+06, 742662
-3.12244e+06, -1.72122e+06, 745055
-3.13965e+06, -1.7202e+06, 747438
-3.15685e+06, -1.71917e+06, 749812
-3.17403e+06, -1.71813e+06, 752178
-3.19121e+06, -1.71709e+06, 754534
-3.20838e+06, -1.71604e+06, 756882
-3.22553e+06, -1.71498e+06, 759286
-3.24268e+06, -1.71392e+06, 761701
-3.25981e+06, -1.71286e+06, 764107
-3.27693e+06, -1.71179e+06, 766503
-3.29405e+06, -1.71071e+06, 768891
-3.31115e+06, -1.70963e+06, 771270
-3.32824e+06, -1.70854e+06, 773645
-3.34532e+06, -1.70745e+06, 776089
-3.36239e+06, -1.70635e+06, 778524
-3.37945e+06, -1.70525e+06, 780949
-3.39649e+06, -1.70414e+06, 783366
-3.41353e+06, -1.70302e+06, 785774
-3.43055e+06, -1.7019e+06, 788172
-3.44757e+06, -1.70077e+06, 790589
-3.46457e+06, -1.69964e+06, 793050
-3.48156e+06, -1.6985e+06, 795502
-3.49854e+06, -1.69736e+06, 797946
-3.51551e+06, -1.69621e+06, 800380
-3.53246e+06, -1.69506e+06, 802804
-3.54941e+06, -1.6939e+06, 805220
-3.56634e+06, -1.69273e+06, 807673
-3.58326e+06, -1.69156e+06, 810149
-3.60017e+06, -1.69038e+06, 812617
-3.61707e+06, -1.6892e+06, 815075
-3.63396e+06, -1.68801e+06, 817524
-3.65083e+06, -1.68682e+06, 819964
-3.66769e+06, -1.68562e+06, 822395
-3.68454e+06, -1.68442e+06, 824877
-3.70138e+06, -1.68321e+06, 827367
-3.71821e+06, -1.68199e+06, 829848
-3.73502e+06, -1.68077e+06, 832319
-3.75182e+06, -1.67954e+06, 834781
-3.76861e+06, -1.67831e+06, 837234
-3.78539e+06, -1.67708e+06, 839679
-3.80215e+06, -1.67583e+06, 842185
-3.8189e+06, -1.67458e+06, 844686
-3.83564e+06, -1.67333e+06, 847178
-3.85237e+06, -1.67207e+06, 849660
-3.86909e+06, -1.67081e+06, 852134
-3.88579e+06, -1.66954e+06, 854598
-3.90248e+06, -1.66826e+06, 857060
-3.91915e+06, -1.66698e+06, 859580
-3.93582e+06, -1.66569e+06, 862090
-3.95247e+06, -1.6644e+06, 864591
-3.9691e+06, -1.6631e+06, 867082
-3.98573e+06, -1.6618e+06, 869565
-4.00234e+06, -1.66049e+06, 872038
-4.01894e+06, -1.65918e+06, 874517
-4.03552e+06, -1.65786e+06, 877044
-4.05209e+06, -1.65653e+06, 879562
-4.06865e+06, -1.6552e+06, 882070
-4.0852e+06, -1.65387e+06, 884569
-4.10173e+06, -1.65253e+06, 887060
-4.11825e+06, -1.65118e+06, 889541
-4.13475e+06, -1.64983e+06, 892032
-4.15125e+06, -1.64847e+06, 894565
-4.16772e+06, -1.64711e+06, 897088
-4.18419e+06, -1.64574e+06, 899602
-4.20064e+06, -1.64437e+06, 902107
-4.21708e+06, -1.64299e+06, 904604
-4.2335e+06, -1.6416e+06, 907091
-4.24991e+06, -1.64022e+06, 909589
-4.2663e+06, -1.63882e+06, 912126
-4.28268e+06, -1.63742e+06, 914654
-4.29905e+06, -1.63601e+06, 917173
-4.3154e+06, -1.6346e+06, 919682
-4.33174e+06, -1.63319e+06, 922183
-4.34807e+06, -1.63176e+06, 924675
-4.36438e+06, -1.63034e+06, 927176
-4.38067e+06, -1.62891e+06, 929716
-4.39696e+06, -1.62747e+06, 932247
-4.41322e+06, -1.62602e+06, 934768
-4.42948e+06, -1.62458e+06, 937281
-4.44572e+06, -1.62312e+06, 939785
-4.46194e+06, -1.62166e+06, 942279
-4.47815e+06, -1.6202e+06, 944780
-4.49434e+06, -1.61873e+06, 947321
-4.51052e+06, -1.61725e+06, 949854
-4.52669e+06, -1.61577e+06, 952377
-4.54284e+06, -1.61429e+06, 954891
-4.55897e+06, -1.6128e+06, 957397
-4.57509e+06, -1.6113e+06, 959893
-4.5912e+06, -1.6098e+06, 962389
-4.60729e+06, -1.60829e+06, 964930

